run_tag,model_name,video_name,sample_index,source_frame_id,mean_confidence,active_kpts,frame_jitter,unstable
20260511_004259,v11s_19.pt,2752855.mp4,0,1,0.983398,17,0.000000,0
20260511_004259,v11s_19.pt,2752855.mp4,1,3,0.981962,17,0.023838,0
20260511_004259,v11s_19.pt,2752855.mp4,2,5,0.981359,17,0.017130,0
20260511_004259,v11s_19.pt,2752855.mp4,3,7,0.981905,17,0.021823,0
20260511_004259,v11s_19.pt,2752855.mp4,4,9,0.979147,17,0.017207,0
20260511_004259,v11s_19.pt,2752855.mp4,5,11,0.973374,17,0.020846,0
20260511_004259,v11s_19.pt,2752855.mp4,6,13,0.971852,17,0.025456,0
20260511_004259,v11s_19.pt,2752855.mp4,7,15,0.970646,17,0.019015,0
20260511_004259,v11s_19.pt,2752855.mp4,8,17,0.967027,17,0.016621,0
20260511_004259,v11s_19.pt,2752855.mp4,9,19,0.970100,17,0.014329,0
20260511_004259,v11s_19.pt,2752855.mp4,10,21,0.973432,17,0.018379,0
20260511_004259,v11s_19.pt,2752855.mp4,11,23,0.971766,17,0.020065,0
20260511_004259,v11s_19.pt,2752855.mp4,12,25,0.972455,17,0.021880,0
20260511_004259,v11s_19.pt,2752855.mp4,13,27,0.978200,17,0.025691,0
20260511_004259,v11s_19.pt,2752855.mp4,14,29,0.981014,17,0.017256,0
20260511_004259,v11s_19.pt,2752855.mp4,15,31,0.987621,17,0.034956,0
20260511_004259,v11s_19.pt,2752855.mp4,16,33,0.991469,17,0.020944,0
20260511_004259,v11s_19.pt,2752855.mp4,17,35,0.992705,17,0.021243,0
20260511_004259,v11s_19.pt,2752855.mp4,18,37,0.992963,17,0.021937,0
20260511_004259,v11s_19.pt,2752855.mp4,19,39,0.994026,17,0.015495,0
20260511_004259,v11s_19.pt,2752855.mp4,20,41,0.992762,17,0.019239,0
20260511_004259,v11s_19.pt,2752855.mp4,21,43,0.989143,17,0.023577,0
20260511_004259,v11s_19.pt,2752855.mp4,22,45,0.985524,17,0.028106,0
20260511_004259,v11s_19.pt,2752855.mp4,23,47,0.979980,17,0.021393,0
20260511_004259,v11s_19.pt,2752855.mp4,24,49,0.976074,17,0.017210,0
20260511_004259,v11s_19.pt,2752855.mp4,25,51,0.976735,17,0.018859,0
20260511_004259,v11s_19.pt,2752855.mp4,26,53,0.979521,17,0.026199,0
20260511_004259,v11s_19.pt,2752855.mp4,27,55,0.983858,17,0.050495,0
20260511_004259,v11s_19.pt,2752855.mp4,28,57,0.986644,17,0.020544,0
20260511_004259,v11s_19.pt,2752855.mp4,29,59,0.987017,17,0.019821,0
20260511_004259,v11s_19.pt,2752855.mp4,30,61,0.986673,17,0.019710,0
20260511_004259,v11s_19.pt,2752855.mp4,31,63,0.979722,17,0.039488,0
20260511_004259,v11s_19.pt,2752855.mp4,32,65,0.978487,17,0.029248,0
20260511_004259,v11s_19.pt,2752855.mp4,33,67,0.977166,17,0.025016,0
20260511_004259,v11s_19.pt,2752855.mp4,34,69,0.984748,17,0.029007,0
20260511_004259,v11s_19.pt,2752855.mp4,35,71,0.986816,17,0.023136,0
20260511_004259,v11s_19.pt,2752855.mp4,36,73,0.985179,17,0.021966,0
20260511_004259,v11s_19.pt,2752855.mp4,37,75,0.987621,17,0.017046,0
20260511_004259,v11s_19.pt,2752855.mp4,38,77,0.990895,17,0.018947,0
20260511_004259,v11s_19.pt,2752855.mp4,39,79,0.988051,17,0.023666,0
20260511_004259,v11s_19.pt,2752855.mp4,40,81,0.974782,17,0.033672,0
20260511_004259,v11s_19.pt,2752855.mp4,41,83,0.979693,17,0.034021,0
20260511_004259,v11s_19.pt,2752855.mp4,42,85,0.978774,17,0.017803,0
20260511_004259,v11s_19.pt,2752855.mp4,43,87,0.970215,17,0.023411,0
20260511_004259,v11s_19.pt,2752855.mp4,44,89,0.972742,17,0.024749,0
20260511_004259,v11s_19.pt,2752855.mp4,45,91,0.977338,17,0.020304,0
20260511_004259,v11s_19.pt,2752855.mp4,46,93,0.977367,17,0.017656,0
20260511_004259,v11s_19.pt,2752855.mp4,47,95,0.979262,17,0.021095,0
20260511_004259,v11s_19.pt,2752855.mp4,48,97,0.978688,17,0.019553,0
20260511_004259,v11s_19.pt,2752855.mp4,49,99,0.981187,17,0.022188,0
20260511_004259,v11s_19.pt,2752855.mp4,50,101,0.984748,17,0.020696,0
20260511_004259,v11s_19.pt,2752855.mp4,51,103,0.985782,17,0.034362,0
20260511_004259,v11s_19.pt,2752855.mp4,52,105,0.989114,17,0.019952,0
20260511_004259,v11s_19.pt,2752855.mp4,53,107,0.990033,17,0.026383,0
20260511_004259,v11s_19.pt,2752855.mp4,54,109,0.988798,17,0.017380,0
20260511_004259,v11s_19.pt,2752855.mp4,55,111,0.990464,17,0.016791,0
20260511_004259,v11s_19.pt,2752855.mp4,56,113,0.992733,17,0.017002,0
20260511_004259,v11s_19.pt,2752855.mp4,57,115,0.989287,17,0.019176,0
20260511_004259,v11s_19.pt,2752855.mp4,58,117,0.986443,17,0.021294,0
20260511_004259,v11s_19.pt,2752855.mp4,59,119,0.986041,17,0.029462,0
20260511_004259,v11s_19.pt,2752855.mp4,60,121,0.981934,17,0.016179,0
20260511_004259,v11s_19.pt,2752855.mp4,61,123,0.984404,17,0.018284,0
20260511_004259,v11s_19.pt,2752855.mp4,62,125,0.980900,17,0.040884,0
20260511_004259,v11s_19.pt,2752855.mp4,63,127,0.981503,17,0.045949,0
20260511_004259,v11s_19.pt,2752855.mp4,64,129,0.983398,17,0.043202,0
20260511_004259,v11s_19.pt,2752855.mp4,65,131,0.980383,17,0.031321,0
20260511_004259,v11s_19.pt,2752855.mp4,66,133,0.981273,17,0.022355,0
20260511_004259,v11s_19.pt,2752855.mp4,67,135,0.985064,17,0.026103,0
20260511_004259,v11s_19.pt,2752855.mp4,68,137,0.986271,17,0.027813,0
20260511_004259,v11s_19.pt,2752855.mp4,69,139,0.990033,17,0.023357,0
20260511_004259,v11s_19.pt,2752855.mp4,70,141,0.988971,17,0.025292,0
20260511_004259,v11s_19.pt,2752855.mp4,71,143,0.988511,17,0.021732,0
20260511_004259,v11s_19.pt,2752855.mp4,72,145,0.982307,17,0.032600,0
20260511_004259,v11s_19.pt,2752855.mp4,73,147,0.982853,17,0.043885,0
20260511_004259,v11s_19.pt,2752855.mp4,74,149,0.979435,17,0.027665,0
20260511_004259,v11s_19.pt,2752855.mp4,75,151,0.974035,17,0.028951,0
20260511_004259,v11s_19.pt,2752855.mp4,76,153,0.973116,17,0.022777,0
20260511_004259,v11s_19.pt,2752855.mp4,77,155,0.979349,17,0.026052,0
20260511_004259,v11s_19.pt,2752855.mp4,78,157,0.978803,17,0.024889,0
20260511_004259,v11s_19.pt,2752855.mp4,79,159,0.981043,17,0.021196,0
20260511_004259,v11s_19.pt,2752855.mp4,80,161,0.982479,17,0.022394,0
20260511_004259,v11s_19.pt,2752855.mp4,81,163,0.984002,17,0.034365,0
20260511_004259,v11s_19.pt,2752855.mp4,82,165,0.986127,17,0.018656,0
20260511_004259,v11s_19.pt,2752855.mp4,83,167,0.988281,17,0.025871,0
20260511_004259,v11s_19.pt,2752855.mp4,84,169,0.989287,17,0.021325,0
20260511_004259,v11s_19.pt,2752855.mp4,85,171,0.990895,17,0.022394,0
20260511_004259,v11s_19.pt,2752855.mp4,86,173,0.991211,17,0.021196,0
20260511_004259,v11s_19.pt,2752855.mp4,87,175,0.989028,17,0.015902,0
20260511_004259,v11s_19.pt,2752855.mp4,88,177,0.988597,17,0.017683,0
20260511_004259,v11s_19.pt,2752855.mp4,89,179,0.986472,17,0.025821,0
20260511_004259,v11s_19.pt,2752855.mp4,90,181,0.981819,17,0.024223,0
20260511_004259,v11s_19.pt,2752855.mp4,91,183,0.985208,17,0.019946,0
20260511_004259,v11s_19.pt,2752855.mp4,92,185,0.983714,17,0.022745,0
20260511_004259,v11s_19.pt,2752855.mp4,93,187,0.985438,17,0.025463,0
20260511_004259,v11s_19.pt,2752855.mp4,94,189,0.986012,17,0.045360,0
20260511_004259,v11s_19.pt,2752855.mp4,95,191,0.984318,17,0.019170,0
20260511_004259,v11s_19.pt,2752855.mp4,96,193,0.986127,17,0.021200,0
20260511_004259,v11s_19.pt,2752855.mp4,97,195,0.981962,17,0.037540,0
20260511_004259,v11s_19.pt,2752855.mp4,98,197,0.982020,17,0.027259,0
20260511_004259,v11s_19.pt,2752855.mp4,99,199,0.984921,17,0.026691,0
20260511_004259,v11s_19.pt,2752855.mp4,100,201,0.983284,17,0.023708,0
20260511_004259,v11s_19.pt,2752855.mp4,101,203,0.981474,17,0.029816,0
20260511_004259,v11s_19.pt,2752855.mp4,102,205,0.981474,17,0.023658,0
20260511_004259,v11s_19.pt,2752855.mp4,103,207,0.987592,17,0.021110,0
20260511_004259,v11s_19.pt,2752855.mp4,104,209,0.989114,17,0.015036,0
20260511_004259,v11s_19.pt,2752855.mp4,105,211,0.988683,17,0.019388,0
20260511_004259,v11s_19.pt,2752855.mp4,106,213,0.978200,17,0.025350,0
20260511_004259,v11s_19.pt,2752855.mp4,107,215,0.974983,17,0.027190,0
20260511_004259,v11s_19.pt,2752855.mp4,108,217,0.977683,17,0.018814,0
20260511_004259,v11s_19.pt,2752855.mp4,109,219,0.975126,17,0.017132,0
20260511_004259,v11s_19.pt,2752855.mp4,110,221,0.974207,17,0.021347,0
20260511_004259,v11s_19.pt,2752855.mp4,111,223,0.969123,17,0.019460,0
20260511_004259,v11s_19.pt,2752855.mp4,112,225,0.974236,17,0.017338,0
20260511_004259,v11s_19.pt,2752855.mp4,113,227,0.979291,17,0.019305,0
20260511_004259,v11s_19.pt,2752855.mp4,114,229,0.980842,17,0.026040,0
20260511_004259,v11s_19.pt,2752855.mp4,115,231,0.978171,17,0.016393,0
20260511_004259,v11s_19.pt,2752855.mp4,116,233,0.969813,17,0.033729,0
20260511_004259,v11s_19.pt,2752855.mp4,117,235,0.968578,17,0.022090,0
20260511_004259,v11s_19.pt,2752855.mp4,118,237,0.968491,17,0.021667,0
20260511_004259,v11s_19.pt,2752855.mp4,119,239,0.976649,17,0.022112,0
20260511_004259,v11s_19.pt,2752855.mp4,120,241,0.978918,17,0.020379,0
20260511_004259,v11s_19.pt,2752855.mp4,121,243,0.980067,17,0.018482,0
20260511_004259,v11s_19.pt,2752855.mp4,122,245,0.985869,17,0.019358,0
20260511_004259,v11s_19.pt,2752855.mp4,123,247,0.982221,17,0.017275,0
20260511_004259,v11s_19.pt,2752855.mp4,124,249,0.980900,17,0.019860,0
20260511_004259,v11s_19.pt,2752855.mp4,125,251,0.977137,17,0.029382,0
20260511_004259,v11s_19.pt,2752855.mp4,126,253,0.971852,17,0.023356,0
20260511_004259,v11s_19.pt,2752855.mp4,127,255,0.981244,17,0.016290,0
20260511_004259,v11s_19.pt,2752855.mp4,128,257,0.982135,17,0.024121,0
20260511_004259,v11s_19.pt,2752855.mp4,129,259,0.984145,17,0.027701,0
20260511_004259,v11s_19.pt,2752855.mp4,130,261,0.982939,17,0.023581,0
20260511_004259,v11s_19.pt,2752855.mp4,131,263,0.984519,17,0.022918,0
20260511_004259,v11s_19.pt,2752855.mp4,132,265,0.984461,17,0.017387,0
20260511_004259,v11s_19.pt,2752855.mp4,133,267,0.982135,17,0.032953,0
20260511_004259,v11s_19.pt,2752855.mp4,134,269,0.985466,17,0.030606,0
20260511_004259,v11s_19.pt,2752855.mp4,135,271,0.982623,17,0.028554,0
20260511_004259,v11s_19.pt,2752855.mp4,136,273,0.984921,17,0.027696,0
20260511_004259,v11s_19.pt,2752855.mp4,137,275,0.989775,17,0.026609,0
20260511_004259,v11s_19.pt,2752855.mp4,138,277,0.990952,17,0.017446,0
20260511_004259,v11s_19.pt,2752855.mp4,139,279,0.990435,17,0.011730,0
20260511_004259,v11s_19.pt,2752855.mp4,140,281,0.991211,17,0.017794,0
20260511_004259,v11s_19.pt,2752855.mp4,141,283,0.991096,17,0.026464,0
20260511_004259,v11s_19.pt,2752855.mp4,142,285,0.984835,17,0.033204,0
20260511_004259,v11s_19.pt,2752855.mp4,143,287,0.981819,17,0.022760,0
20260511_004259,v11s_19.pt,2752855.mp4,144,289,0.971996,17,0.022579,0
20260511_004259,v11s_19.pt,2752855.mp4,145,291,0.970445,17,0.019858,0
20260511_004259,v11s_19.pt,2752855.mp4,146,293,0.960047,17,0.023810,0
20260511_004259,v11s_19.pt,2752855.mp4,147,295,0.972972,17,0.017663,0
20260511_004259,v11s_19.pt,2752855.mp4,148,297,0.972455,17,0.022940,0
20260511_004259,v11s_19.pt,2752855.mp4,149,299,0.975011,17,0.024346,0
20260511_004259,v11s_19.pt,2752855.mp4,150,301,0.976218,17,0.028433,0
20260511_004259,v11s_19.pt,2752855.mp4,151,303,0.978114,17,0.013168,0
20260511_004259,v11s_19.pt,2752855.mp4,152,305,0.980153,17,0.033074,0
20260511_004259,v11s_19.pt,2752855.mp4,153,307,0.979952,17,0.021098,0
20260511_004259,v11s_19.pt,2752855.mp4,154,309,0.982135,17,0.022931,0
20260511_004259,v11s_19.pt,2752855.mp4,155,311,0.979866,17,0.022779,0
20260511_004259,v11s_19.pt,2752855.mp4,156,313,0.979808,17,0.014840,0
20260511_004259,v11s_19.pt,2752855.mp4,157,315,0.980641,17,0.017580,0
20260511_004259,v11s_19.pt,2752855.mp4,158,317,0.982393,17,0.015546,0
20260511_004259,v11s_19.pt,2752855.mp4,159,319,0.983915,17,0.024364,0
20260511_004259,v11s_19.pt,2752855.mp4,160,321,0.983456,17,0.031553,0
20260511_004259,v11s_19.pt,2752855.mp4,161,323,0.986127,17,0.019737,0
20260511_004259,v11s_19.pt,2752855.mp4,162,325,0.982537,17,0.031214,0
20260511_004259,v11s_19.pt,2752855.mp4,163,327,0.984404,17,0.036310,0
20260511_004259,v11s_19.pt,2752855.mp4,164,329,0.985007,17,0.031784,0
20260511_004259,v11s_19.pt,2752855.mp4,165,331,0.985869,17,0.022511,0
20260511_004259,v11s_19.pt,2752855.mp4,166,333,0.986903,17,0.020504,0
20260511_004259,v11s_19.pt,2752855.mp4,167,335,0.986615,17,0.041145,0
20260511_004259,v11s_19.pt,2752855.mp4,168,337,0.985610,17,0.019463,0
20260511_004259,v11s_19.pt,2752855.mp4,169,339,0.983111,17,0.024660,0
20260511_004259,v11s_19.pt,2752855.mp4,170,341,0.979377,17,0.039029,0
20260511_004259,v11s_19.pt,2752855.mp4,171,343,0.980182,17,0.025063,0
20260511_004259,v11s_19.pt,2752855.mp4,172,345,0.978085,17,0.030213,0
20260511_004259,v11s_19.pt,2752855.mp4,173,347,0.983628,17,0.027677,0
20260511_004259,v11s_19.pt,2752855.mp4,174,349,0.986472,17,0.022936,0
20260511_004259,v11s_19.pt,2752855.mp4,175,351,0.988224,17,0.023306,0
20260511_004259,v11s_19.pt,2752855.mp4,176,353,0.990522,17,0.025093,0
20260511_004259,v11s_19.pt,2752855.mp4,177,355,0.988884,17,0.017927,0
20260511_004259,v11s_19.pt,2752855.mp4,178,357,0.987448,17,0.027790,0
20260511_004259,v11s_19.pt,2752855.mp4,179,359,0.984375,17,0.018512,0
20260511_004259,v11s_19.pt,2752855.mp4,180,361,0.982336,17,0.025431,0
20260511_004259,v11s_19.pt,2752855.mp4,181,363,0.978085,17,0.023445,0
20260511_004259,v11s_19.pt,2752855.mp4,182,365,0.980957,17,0.028888,0
20260511_004259,v11s_19.pt,2752855.mp4,183,367,0.983370,17,0.021846,0
20260511_004259,v11s_19.pt,2752855.mp4,184,369,0.982077,17,0.017798,0
20260511_004259,v11s_19.pt,2752855.mp4,185,371,0.983628,17,0.018342,0
20260511_004259,v11s_19.pt,2752855.mp4,186,373,0.981733,17,0.023395,0
20260511_004259,v11s_19.pt,2752855.mp4,187,375,0.981991,17,0.030280,0
20260511_004259,v11s_19.pt,2752855.mp4,188,377,0.984346,17,0.019879,0
20260511_004259,v11s_19.pt,2752855.mp4,189,379,0.981273,17,0.031493,0
20260511_004259,v11s_19.pt,2752855.mp4,190,381,0.979636,17,0.029584,0
20260511_004259,v11s_19.pt,2752855.mp4,191,383,0.980670,17,0.024243,0
20260511_004259,v11s_19.pt,2752855.mp4,192,385,0.979980,17,0.024810,0
20260511_004259,v11s_19.pt,2752855.mp4,193,387,0.983657,17,0.027989,0
20260511_004259,v11s_19.pt,2752855.mp4,194,389,0.982508,17,0.023006,0
20260511_004259,v11s_19.pt,2752855.mp4,195,391,0.982307,17,0.021521,0
20260511_004259,v11s_19.pt,2752855.mp4,196,393,0.987218,17,0.044417,0
20260511_004259,v11s_19.pt,2752855.mp4,197,395,0.987190,17,0.025152,0
20260511_004259,v11s_19.pt,2752855.mp4,198,397,0.987879,17,0.030789,0
20260511_004259,v11s_19.pt,2752855.mp4,199,399,0.979176,17,0.022692,0
20260511_004259,v11s_19.pt,2752855.mp4,200,401,0.983054,17,0.029189,0
20260511_004259,v11s_19.pt,2752855.mp4,201,403,0.983628,17,0.023414,0
20260511_004259,v11s_19.pt,2752855.mp4,202,405,0.984720,17,0.027920,0
20260511_004259,v11s_19.pt,2752855.mp4,203,407,0.984806,17,0.019958,0
20260511_004259,v11s_19.pt,2752855.mp4,204,409,0.983485,17,0.016947,0
20260511_004259,v11s_19.pt,2752855.mp4,205,411,0.983197,17,0.020472,0
20260511_004259,v11s_19.pt,2752855.mp4,206,413,0.983054,17,0.025158,0
20260511_004259,v11s_19.pt,2752855.mp4,207,415,0.977539,17,0.036628,0
20260511_004259,v11s_19.pt,2752855.mp4,208,417,0.974810,17,0.029167,0
20260511_004259,v11s_19.pt,2752855.mp4,209,419,0.977539,17,0.022793,0
20260511_004259,v11s_19.pt,2752855.mp4,210,421,0.981704,17,0.030469,0
20260511_004259,v11s_19.pt,2752855.mp4,211,423,0.986587,17,0.026281,0
20260511_004259,v11s_19.pt,2752855.mp4,212,425,0.988023,17,0.019252,0
20260511_004259,v11s_19.pt,2752855.mp4,213,427,0.988339,17,0.021091,0
20260511_004259,v11s_19.pt,2752855.mp4,214,429,0.978573,17,0.023375,0
20260511_004259,v11s_19.pt,2752855.mp4,215,431,0.975299,17,0.019718,0
20260511_004259,v11s_19.pt,2752855.mp4,216,433,0.973891,17,0.026221,0
20260511_004259,v11s_19.pt,2752855.mp4,217,435,0.973288,17,0.019705,0
20260511_004259,v11s_19.pt,2752855.mp4,218,437,0.972972,17,0.016823,0
20260511_004259,v11s_19.pt,2752855.mp4,219,439,0.972455,17,0.020133,0
20260511_004259,v11s_19.pt,2752855.mp4,220,441,0.973116,17,0.025177,0
20260511_004259,v11s_19.pt,2752855.mp4,221,443,0.972455,17,0.021644,0
20260511_004259,v11s_19.pt,2752855.mp4,222,445,0.964442,17,0.014932,0
20260511_004259,v11s_19.pt,2752855.mp4,223,447,0.971536,17,0.024667,0
20260511_004259,v11s_19.pt,2752855.mp4,224,449,0.969497,17,0.015547,0
20260511_004259,v11s_19.pt,2752855.mp4,225,451,0.969755,17,0.016155,0
20260511_004259,v11s_19.pt,2752855.mp4,226,453,0.980268,17,0.024380,0
20260511_004259,v11s_19.pt,2752855.mp4,227,455,0.980612,17,0.021110,0
20260511_004259,v11s_19.pt,2752855.mp4,228,457,0.979320,17,0.028636,0
20260511_004259,v11s_19.pt,2752855.mp4,229,459,0.985323,17,0.014560,0
20260511_004259,v11s_19.pt,2752855.mp4,230,461,0.985294,17,0.041430,0
20260511_004259,v11s_19.pt,2752855.mp4,231,463,0.982508,17,0.023963,0
20260511_004259,v11s_19.pt,2752855.mp4,232,465,0.977941,17,0.027696,0
20260511_004259,v11s_19.pt,2752855.mp4,233,467,0.985064,17,0.028197,0
20260511_004259,v11s_19.pt,2752855.mp4,234,469,0.986587,17,0.028531,0
20260511_004259,v11s_19.pt,2752855.mp4,235,471,0.981819,17,0.035377,0
20260511_004259,v11s_19.pt,2752855.mp4,236,473,0.977711,17,0.022479,0
20260511_004259,v11s_19.pt,2752855.mp4,237,475,0.976677,17,0.041670,0
20260511_004259,v11s_19.pt,2752855.mp4,238,477,0.979406,17,0.031022,0
20260511_004259,v11s_19.pt,2752855.mp4,239,479,0.977826,17,0.045991,0
20260511_004259,v11s_19.pt,2752855.mp4,240,481,0.965389,17,0.029589,0
20260511_004259,v11s_19.pt,2752855.mp4,241,483,0.983829,17,0.032913,0
20260511_004259,v11s_19.pt,2752855.mp4,242,485,0.982968,17,0.021792,0
20260511_004259,v11s_19.pt,2752855.mp4,243,487,0.984748,17,0.021349,0
20260511_004259,v11s_19.pt,2752855.mp4,244,489,0.981014,17,0.032715,0
20260511_004259,v11s_19.pt,2752855.mp4,245,491,0.986041,17,0.027990,0
20260511_004259,v11s_19.pt,2752855.mp4,246,493,0.985438,17,0.026984,0
20260511_004259,v11s_19.pt,2752855.mp4,247,495,0.987678,17,0.026229,0
20260511_004259,v11s_19.pt,2752855.mp4,248,497,0.990119,17,0.021396,0
20260511_004259,v11s_19.pt,2752855.mp4,249,499,0.988224,17,0.020541,0
20260511_004259,v11s_19.pt,2752855.mp4,250,501,0.986098,17,0.025128,0
20260511_004259,v11s_19.pt,2752855.mp4,251,503,0.980354,17,0.025328,0
20260511_004259,v11s_19.pt,2752855.mp4,252,505,0.983398,17,0.023011,0
20260511_004259,v11s_19.pt,2752855.mp4,253,507,0.974351,17,0.024292,0
20260511_004259,v11s_19.pt,2752855.mp4,254,509,0.977108,17,0.030479,0
20260511_004259,v11s_19.pt,2752855.mp4,255,511,0.973604,17,0.023127,0
20260511_004259,v11s_19.pt,2752855.mp4,256,513,0.974035,17,0.026134,0
20260511_004259,v11s_19.pt,2752855.mp4,257,515,0.976562,17,0.017235,0
20260511_004259,v11s_19.pt,2752855.mp4,258,517,0.975931,17,0.012710,0
20260511_004259,v11s_19.pt,2752855.mp4,259,519,0.974724,17,0.018421,0
20260511_004259,v11s_19.pt,2752855.mp4,260,521,0.973432,17,0.022309,0
20260511_004259,v11s_19.pt,2752855.mp4,261,523,0.980411,17,0.033880,0
20260511_004259,v11s_19.pt,2752855.mp4,262,525,0.981417,17,0.023212,0
20260511_004259,v11s_19.pt,2752855.mp4,263,527,0.979492,17,0.026743,0
20260511_004259,v11s_19.pt,2752855.mp4,264,529,0.973776,17,0.027261,0
20260511_004259,v11s_19.pt,2752855.mp4,265,531,0.980612,17,0.023401,0
20260511_004259,v11s_19.pt,2752855.mp4,266,533,0.981934,17,0.025551,0
20260511_004259,v11s_19.pt,2752855.mp4,267,535,0.983255,17,0.023218,0
20260511_004259,v11s_19.pt,2752855.mp4,268,537,0.979693,17,0.019804,0
20260511_004259,v11s_19.pt,2752855.mp4,269,539,0.984203,17,0.024455,0
20260511_004259,v11s_19.pt,2752855.mp4,270,541,0.981560,17,0.028629,0
20260511_004259,v11s_19.pt,2752855.mp4,271,543,0.982278,17,0.032146,0
20260511_004259,v11s_19.pt,2752855.mp4,272,545,0.981560,17,0.019274,0
20260511_004259,v11s_19.pt,2752855.mp4,273,547,0.981129,17,0.028473,0
20260511_004259,v11s_19.pt,2752855.mp4,274,549,0.981330,17,0.020613,0
20260511_004259,v11s_19.pt,2752855.mp4,275,551,0.982537,17,0.029249,0
20260511_004259,v11s_19.pt,2752855.mp4,276,553,0.980641,17,0.023962,0
20260511_004259,v11s_19.pt,2752855.mp4,277,555,0.980785,17,0.021547,0
20260511_004259,v11s_19.pt,2752855.mp4,278,557,0.980785,17,0.019720,0
20260511_004259,v11s_19.pt,2752855.mp4,279,559,0.977539,17,0.027707,0
20260511_004259,v11s_19.pt,2752855.mp4,280,561,0.982451,17,0.034525,0
20260511_004259,v11s_19.pt,2752855.mp4,281,563,0.984404,17,0.024452,0
20260511_004259,v11s_19.pt,2752855.mp4,282,565,0.983887,17,0.027661,0
20260511_004259,v11s_19.pt,2752855.mp4,283,567,0.983858,17,0.024376,0
20260511_004259,v11s_19.pt,2752855.mp4,284,569,0.986989,17,0.024782,0
20260511_004259,v11s_19.pt,2752855.mp4,285,571,0.988224,17,0.022694,0
20260511_004259,v11s_19.pt,2752855.mp4,286,573,0.983829,17,0.019261,0
20260511_004259,v11s_19.pt,2752855.mp4,287,575,0.980268,17,0.021384,0
20260511_004259,v11s_19.pt,2752855.mp4,288,577,0.981532,17,0.026401,0
20260511_004259,v11s_19.pt,2752855.mp4,289,579,0.973920,17,0.034602,0
20260511_004259,v11s_19.pt,2752855.mp4,290,581,0.979061,17,0.017342,0
20260511_004259,v11s_19.pt,2752855.mp4,291,583,0.977281,17,0.021602,0
20260511_004259,v11s_19.pt,2752855.mp4,292,585,0.980124,17,0.026683,0
20260511_004259,v11s_19.pt,2752855.mp4,293,587,0.978659,17,0.023465,0
20260511_004259,v11s_19.pt,2752855.mp4,294,589,0.971651,17,0.022115,0
20260511_004259,v11s_19.pt,2752855.mp4,295,591,0.976045,17,0.016358,0
20260511_004259,v11s_19.pt,2752855.mp4,296,593,0.979349,17,0.018014,0
20260511_004259,v11s_19.pt,2752855.mp4,297,595,0.974552,17,0.017337,0
20260511_004259,v11s_19.pt,2752855.mp4,298,597,0.975414,17,0.022098,0
20260511_004259,v11s_19.pt,2752855.mp4,299,599,0.976189,17,0.026100,0
20260511_004259,v11s_19.pt,2752855.mp4,300,601,0.978832,17,0.029649,0
20260511_004259,v11s_19.pt,2752855.mp4,301,603,0.983829,17,0.032361,0
20260511_004259,v11s_19.pt,2752855.mp4,302,605,0.981704,17,0.021734,0
20260511_004259,v11s_19.pt,2752855.mp4,303,607,0.985208,17,0.025509,0
20260511_004259,v11s_19.pt,2752855.mp4,304,609,0.980699,17,0.022323,0
20260511_004259,v11s_19.pt,2752855.mp4,305,611,0.977826,17,0.025330,0
20260511_004259,v11s_19.pt,2752855.mp4,306,613,0.986701,17,0.021872,0
20260511_004259,v11s_19.pt,2752855.mp4,307,615,0.981847,17,0.021877,0
20260511_004259,v11s_19.pt,2752855.mp4,308,617,0.977798,17,0.034461,0
20260511_004259,v11s_19.pt,2752855.mp4,309,619,0.976649,17,0.018891,0
20260511_004259,v11s_19.pt,2752855.mp4,310,621,0.977453,17,0.026748,0
20260511_004259,v11s_19.pt,2752855.mp4,311,623,0.976419,17,0.024254,0
20260511_004259,v11s_19.pt,2752855.mp4,312,625,0.977855,17,0.032209,0
20260511_004259,v11s_19.pt,2752855.mp4,313,627,0.975069,17,0.022062,0
20260511_004259,v11s_19.pt,2752855.mp4,314,629,0.980842,17,0.018252,0
20260511_004259,v11s_19.pt,2752855.mp4,315,631,0.982652,17,0.021282,0
20260511_004259,v11s_19.pt,2752855.mp4,316,633,0.982853,17,0.022313,0
20260511_004259,v11s_19.pt,2752855.mp4,317,635,0.980038,17,0.031740,0
20260511_004259,v11s_19.pt,2752855.mp4,318,637,0.981934,17,0.044255,0
20260511_004259,v11s_19.pt,2752855.mp4,319,639,0.975040,17,0.034636,0
20260511_004259,v11s_19.pt,2752855.mp4,320,641,0.974408,17,0.026362,0
20260511_004259,v11s_19.pt,2752855.mp4,321,643,0.979665,17,0.032900,0
20260511_004259,v11s_19.pt,2752855.mp4,322,645,0.981503,17,0.023018,0
20260511_004259,v11s_19.pt,2752855.mp4,323,647,0.977539,17,0.023224,0
20260511_004259,v11s_19.pt,2752855.mp4,324,649,0.987448,17,0.027122,0
20260511_004259,v11s_19.pt,2752855.mp4,325,651,0.981474,17,0.029668,0
20260511_004259,v11s_19.pt,2752855.mp4,326,653,0.985409,17,0.028742,0
20260511_004259,v11s_19.pt,2752855.mp4,327,655,0.981101,17,0.021676,0
20260511_004259,v11s_19.pt,2752855.mp4,328,657,0.976275,17,0.022078,0
20260511_004259,v11s_19.pt,2752855.mp4,329,659,0.971163,17,0.029129,0
20260511_004259,v11s_19.pt,2752855.mp4,330,661,0.971479,17,0.025858,0
20260511_004259,v11s_19.pt,2752855.mp4,331,663,0.972283,17,0.025243,0
20260511_004259,v11s_19.pt,2752855.mp4,332,665,0.975241,17,0.021999,0
20260511_004259,v11s_19.pt,2752855.mp4,333,667,0.967429,17,0.022104,0
20260511_004259,v11s_19.pt,2752855.mp4,334,669,0.972628,17,0.023407,0
20260511_004259,v11s_19.pt,2752855.mp4,335,671,0.976275,17,0.028504,0
20260511_004259,v11s_19.pt,2752855.mp4,336,673,0.978286,17,0.017749,0
20260511_004259,v11s_19.pt,2752855.mp4,337,675,0.978056,17,0.029643,0
20260511_004259,v11s_19.pt,2752855.mp4,338,677,0.980727,17,0.028816,0
20260511_004259,v11s_19.pt,2752855.mp4,339,679,0.979406,17,0.020906,0
20260511_004259,v11s_19.pt,2752855.mp4,340,681,0.983714,17,0.025000,0
20260511_004259,v11s_19.pt,2752855.mp4,341,683,0.980526,17,0.024825,0
20260511_004259,v11s_19.pt,2752855.mp4,342,685,0.980785,17,0.025887,0
20260511_004259,v11s_19.pt,2752855.mp4,343,687,0.980957,17,0.036190,0
20260511_004259,v11s_19.pt,2752855.mp4,344,689,0.972369,17,0.023352,0
20260511_004259,v11s_19.pt,2752855.mp4,345,691,0.975902,17,0.029576,0
20260511_004259,v11s_19.pt,2752855.mp4,346,693,0.978228,17,0.027589,0
20260511_004259,v11s_19.pt,2752855.mp4,347,695,0.979923,17,0.025697,0
20260511_004259,v11s_19.pt,2752855.mp4,348,697,0.980842,17,0.025023,0
20260511_004259,v11s_19.pt,2752855.mp4,349,699,0.977740,17,0.025696,0
20260511_004259,v11s_19.pt,2752855.mp4,350,701,0.977022,17,0.028720,0
20260511_004259,v11s_19.pt,2752855.mp4,351,703,0.980296,17,0.030777,0
20260511_004259,v11s_19.pt,2752855.mp4,352,705,0.981445,17,0.030493,0
20260511_004259,v11s_19.pt,2752855.mp4,353,707,0.980325,17,0.033738,0
20260511_004259,v11s_19.pt,2752855.mp4,354,709,0.984892,17,0.022467,0
20260511_004259,v11s_19.pt,2752855.mp4,355,711,0.984002,17,0.018485,0
20260511_004259,v11s_19.pt,2752855.mp4,356,713,0.985926,17,0.016515,0
20260511_004259,v11s_19.pt,2752855.mp4,357,715,0.986271,17,0.017983,0
20260511_004259,v11s_19.pt,2752855.mp4,358,717,0.986615,17,0.022971,0
20260511_004259,v11s_19.pt,2752855.mp4,359,719,0.984576,17,0.029160,0
20260511_004259,v11s_19.pt,2752855.mp4,360,721,0.976448,17,0.039943,0
20260511_004259,v11s_19.pt,2752855.mp4,361,723,0.970071,17,0.026954,0
20260511_004259,v11s_19.pt,2752855.mp4,362,725,0.960449,17,0.026827,0
20260511_004259,v11s_19.pt,2752855.mp4,363,727,0.965332,17,0.033682,0
20260511_004259,v11s_19.pt,2752855.mp4,364,729,0.971392,17,0.019161,0
20260511_004259,v11s_19.pt,2752855.mp4,365,731,0.969181,17,0.027733,0
20260511_004259,v11s_19.pt,2752855.mp4,366,733,0.966251,17,0.029441,0
20260511_004259,v11s_19.pt,2752855.mp4,367,735,0.961914,17,0.030520,0
20260511_004259,v11s_19.pt,2752855.mp4,368,737,0.944077,17,0.036869,0
20260511_004259,v11s_19.pt,2752855.mp4,369,739,0.952694,17,0.028510,0
20260511_004259,v11s_19.pt,2752855.mp4,370,741,0.960105,17,0.040831,0
20260511_004259,v11s_19.pt,2752855.mp4,371,743,0.950325,17,0.024508,0
20260511_004259,v11s_19.pt,2752855.mp4,372,745,0.966452,17,0.020247,0
20260511_004259,v11s_19.pt,2752855.mp4,373,747,0.963436,17,0.016317,0
20260511_004259,v11s_19.pt,2752855.mp4,374,749,0.969066,17,0.020403,0
20260511_004259,v11s_19.pt,2752855.mp4,375,751,0.961081,17,0.030815,0
20260511_004259,v11s_19.pt,2752855.mp4,376,753,0.961569,17,0.036311,0
20260511_004259,v11s_19.pt,2752855.mp4,377,755,0.971278,17,0.023400,0
20260511_004259,v11s_19.pt,2752855.mp4,378,757,0.969267,17,0.020831,0
20260511_004259,v11s_19.pt,2752855.mp4,379,759,0.965849,17,0.028368,0
20260511_004259,v11s_19.pt,2752855.mp4,380,761,0.975069,17,0.039000,0
20260511_004259,v11s_19.pt,2752855.mp4,381,763,0.975241,17,0.027434,0
20260511_004259,v11s_19.pt,2752855.mp4,382,765,0.974293,17,0.025178,0
20260511_004259,v11s_19.pt,2752855.mp4,383,767,0.978860,17,0.023097,0
20260511_004259,v11s_19.pt,2752855.mp4,384,769,0.975557,17,0.036550,0
20260511_004259,v11s_19.pt,2752855.mp4,385,771,0.977080,17,0.030015,0
20260511_004259,v11s_19.pt,2752855.mp4,386,773,0.972628,17,0.031092,0
20260511_004259,v11s_19.pt,2752855.mp4,387,775,0.971392,17,0.024185,0
20260511_004259,v11s_19.pt,2752855.mp4,388,777,0.972082,17,0.019402,0
20260511_004259,v11s_19.pt,2752855.mp4,389,779,0.975241,17,0.017134,0
20260511_004259,v11s_19.pt,2752855.mp4,390,781,0.972398,17,0.016165,0
20260511_004259,v11s_19.pt,2752855.mp4,391,783,0.967343,17,0.021557,0
20260511_004259,v11s_19.pt,2752855.mp4,392,785,0.961024,17,0.029635,0
20260511_004259,v11s_19.pt,2752855.mp4,393,787,0.961253,17,0.019396,0
20260511_004259,v11s_19.pt,2752855.mp4,394,789,0.959674,17,0.016979,0
20260511_004259,v11s_19.pt,2752855.mp4,395,791,0.961598,17,0.018716,0
20260511_004259,v11s_19.pt,2752855.mp4,396,793,0.959272,17,0.021242,0
20260511_004259,v11s_19.pt,2752855.mp4,397,795,0.956170,17,0.019323,0
20260511_004259,v11s_19.pt,2752855.mp4,398,797,0.947495,17,0.021793,0
20260511_004259,v11s_19.pt,2752855.mp4,399,799,0.957060,17,0.020382,0
20260511_004259,v11s_19.pt,2752855.mp4,400,801,0.950813,17,0.028692,0
20260511_004259,v11s_19.pt,2752855.mp4,401,803,0.951287,17,0.017641,0
20260511_004259,v11s_19.pt,2752855.mp4,402,805,0.950928,17,0.028705,0
20260511_004259,v11s_19.pt,2752855.mp4,403,807,0.945111,17,0.036583,0
20260511_004259,v11s_19.pt,2752855.mp4,404,809,0.947897,17,0.022021,0
20260511_004259,v11s_19.pt,2752855.mp4,405,811,0.941514,17,0.020667,0
20260511_004259,v11s_19.pt,2752855.mp4,406,813,0.956845,17,0.022508,0
20260511_004259,v11s_19.pt,2752855.mp4,407,815,0.949434,17,0.022587,0
20260511_004259,v11s_19.pt,2752855.mp4,408,817,0.971881,17,0.036212,0
20260511_004259,v11s_19.pt,2752855.mp4,409,819,0.970272,17,0.026283,0
20260511_004259,v11s_19.pt,2752855.mp4,410,821,0.966653,17,0.043876,0
20260511_004259,v11s_19.pt,2752855.mp4,411,823,0.969956,17,0.031193,0
20260511_004259,v11s_19.pt,2752855.mp4,412,825,0.973202,17,0.033133,0
20260511_004259,v11s_19.pt,2752855.mp4,413,827,0.973145,17,0.029182,0
20260511_004259,v11s_19.pt,2752855.mp4,414,829,0.974696,17,0.024449,0
20260511_004259,v11s_19.pt,2752855.mp4,415,831,0.972513,17,0.027531,0
20260511_004259,v11s_19.pt,2752855.mp4,416,833,0.968779,17,0.021473,0
20260511_004259,v11s_19.pt,2752855.mp4,417,835,0.960622,17,0.024188,0
20260511_004259,v11s_19.pt,2752855.mp4,418,837,0.972398,17,0.038088,0
20260511_004259,v11s_19.pt,2752855.mp4,419,839,0.973087,17,0.023958,0
20260511_004259,v11s_19.pt,2752855.mp4,420,841,0.971651,17,0.037053,0
20260511_004259,v11s_19.pt,2752855.mp4,421,843,0.970215,17,0.021056,0
20260511_004259,v11s_19.pt,2752855.mp4,422,845,0.974064,17,0.034467,0
20260511_004259,v11s_19.pt,2752855.mp4,423,847,0.973346,17,0.028400,0
20260511_004259,v11s_19.pt,2752855.mp4,424,849,0.980038,17,0.022740,0
20260511_004259,v11s_19.pt,2752855.mp4,425,851,0.960966,17,0.030828,0
20260511_004259,v11s_19.pt,2752855.mp4,426,853,0.970703,17,0.024553,0
20260511_004259,v11s_19.pt,2752855.mp4,427,855,0.961225,17,0.025589,0
20260511_004259,v11s_19.pt,2752855.mp4,428,857,0.962977,17,0.020232,0
20260511_004259,v11s_19.pt,2752855.mp4,429,859,0.944293,17,0.021211,0
20260511_004259,v11s_19.pt,2752855.mp4,430,861,0.947352,17,0.029914,0
20260511_004259,v11s_19.pt,2752855.mp4,431,863,0.942541,17,0.029749,0
20260511_004259,v11s_19.pt,2752855.mp4,432,865,0.939065,17,0.017629,0
20260511_004259,v11s_19.pt,2752855.mp4,433,867,0.946117,17,0.016214,0
20260511_004259,v11s_19.pt,2752855.mp4,434,869,0.956830,17,0.014511,0
20260511_004259,v11s_19.pt,2752855.mp4,435,871,0.965188,17,0.024550,0
20260511_004259,v11s_19.pt,2752855.mp4,436,873,0.961139,17,0.030400,0
20260511_004259,v11s_19.pt,2752855.mp4,437,875,0.955250,17,0.026136,0
20260511_004259,v11s_19.pt,2752855.mp4,438,877,0.958324,17,0.022038,0
20260511_004259,v11s_19.pt,2752855.mp4,439,879,0.930075,17,0.039161,0
20260511_004259,v11s_19.pt,2752855.mp4,440,881,0.960306,17,0.032280,0
20260511_004259,v11s_19.pt,2752855.mp4,441,883,0.970904,17,0.027260,0
20260511_004259,v11s_19.pt,2752855.mp4,442,885,0.980239,17,0.031855,0
20260511_004259,v11s_19.pt,2752855.mp4,443,887,0.976706,17,0.024206,0
20260511_004259,v11s_19.pt,2752855.mp4,444,889,0.970215,17,0.025650,0
20260511_004259,v11s_19.pt,2752855.mp4,445,891,0.963982,17,0.024531,0
20260511_004259,v11s_19.pt,2752855.mp4,446,893,0.975241,17,0.026412,0
20260511_004259,v11s_19.pt,2752855.mp4,447,895,0.982652,17,0.031561,0
20260511_004259,v11s_19.pt,2752855.mp4,448,897,0.978544,17,0.036338,0
20260511_004259,v11s_19.pt,2752855.mp4,449,899,0.977223,17,0.027833,0
20260511_004259,v11s_19.pt,2752855.mp4,450,901,0.978832,17,0.025927,0
20260511_004259,v11s_19.pt,2752855.mp4,451,903,0.982336,17,0.025432,0
20260511_004259,v11s_19.pt,2752855.mp4,452,905,0.978114,17,0.026566,0
20260511_004259,v11s_19.pt,2752855.mp4,453,907,0.982135,17,0.030894,0
20260511_004259,v11s_19.pt,2752855.mp4,454,909,0.978085,17,0.033802,0
20260511_004259,v11s_19.pt,2752855.mp4,455,911,0.983427,17,0.035334,0
20260511_004259,v11s_19.pt,2752855.mp4,456,913,0.977855,17,0.027191,0
20260511_004259,v11s_19.pt,2752855.mp4,457,915,0.986070,17,0.029540,0
20260511_004259,v11s_19.pt,2752855.mp4,458,917,0.988051,17,0.028051,0
20260511_004259,v11s_19.pt,2752855.mp4,459,919,0.984289,17,0.019623,0
20260511_004259,v11s_19.pt,2752855.mp4,460,921,0.980239,17,0.017850,0
20260511_004259,v11s_19.pt,2752855.mp4,461,923,0.973116,17,0.022839,0
20260511_004259,v11s_19.pt,2752855.mp4,462,925,0.972513,17,0.029364,0
20260511_004259,v11s_19.pt,2752855.mp4,463,927,0.970588,17,0.029093,0
20260511_004259,v11s_19.pt,2752855.mp4,464,929,0.976275,17,0.025219,0
20260511_004259,v11s_19.pt,2752855.mp4,465,931,0.956514,17,0.024361,0
20260511_004259,v11s_19.pt,2752855.mp4,466,933,0.965188,17,0.026641,0
20260511_004259,v11s_19.pt,2752855.mp4,467,935,0.967946,17,0.026391,0
20260511_004259,v11s_19.pt,2752855.mp4,468,937,0.968549,17,0.022789,0
20260511_004259,v11s_19.pt,2752855.mp4,469,939,0.952608,17,0.030457,0
20260511_004259,v11s_19.pt,2752855.mp4,470,941,0.952034,17,0.030764,0
20260511_004259,v11s_19.pt,2752855.mp4,471,943,0.954216,17,0.027119,0
20260511_004259,v11s_19.pt,2752855.mp4,472,945,0.944609,17,0.034289,0
20260511_004259,v11s_19.pt,2752855.mp4,473,947,0.946533,17,0.031306,0
20260511_004259,v11s_19.pt,2752855.mp4,474,949,0.941780,17,0.025877,0
20260511_004259,v11s_19.pt,2752855.mp4,475,951,0.956514,17,0.030526,0
20260511_004259,v11s_19.pt,2752855.mp4,476,953,0.963925,17,0.028210,0
20260511_004259,v11s_19.pt,2752855.mp4,477,955,0.974121,17,0.026721,0
20260511_004259,v11s_19.pt,2752855.mp4,478,957,0.974523,17,0.035001,0
20260511_004259,v11s_19.pt,2752855.mp4,479,959,0.963867,17,0.035679,0
20260511_004259,v11s_19.pt,2752855.mp4,480,961,0.966912,17,0.034837,0
20260511_004259,v11s_19.pt,2752855.mp4,481,963,0.959875,17,0.018957,0
20260511_004259,v11s_19.pt,2752855.mp4,482,965,0.969238,17,0.030211,0
20260511_004259,v11s_19.pt,2752855.mp4,483,967,0.977338,17,0.026529,0
20260511_004259,v11s_19.pt,2752855.mp4,484,969,0.979033,17,0.036382,0
20260511_004259,v11s_19.pt,2752855.mp4,485,971,0.979894,17,0.018916,0
20260511_004259,v11s_19.pt,2752855.mp4,486,973,0.984748,17,0.021527,0
20260511_004259,v11s_19.pt,2752855.mp4,487,975,0.973116,17,0.036796,0
20260511_004259,v11s_19.pt,2752855.mp4,488,977,0.975011,17,0.026073,0
20260511_004259,v11s_19.pt,2752855.mp4,489,979,0.969181,17,0.036224,0
20260511_004259,v11s_19.pt,2752855.mp4,490,981,0.963925,17,0.032033,0
20260511_004259,v11s_68.pt,2752855.mp4,0,1,0.988396,17,0.000000,0
20260511_004259,v11s_68.pt,2752855.mp4,1,3,0.985897,17,0.017599,0
20260511_004259,v11s_68.pt,2752855.mp4,2,5,0.989114,17,0.021815,0
20260511_004259,v11s_68.pt,2752855.mp4,3,7,0.989430,17,0.016089,0
20260511_004259,v11s_68.pt,2752855.mp4,4,9,0.988798,17,0.020288,0
20260511_004259,v11s_68.pt,2752855.mp4,5,11,0.988166,17,0.018763,0
20260511_004259,v11s_68.pt,2752855.mp4,6,13,0.991527,17,0.019071,0
20260511_004259,v11s_68.pt,2752855.mp4,7,15,0.990608,17,0.024119,0
20260511_004259,v11s_68.pt,2752855.mp4,8,17,0.991670,17,0.017581,0
20260511_004259,v11s_68.pt,2752855.mp4,9,19,0.993509,17,0.019402,0
20260511_004259,v11s_68.pt,2752855.mp4,10,21,0.993796,17,0.015467,0
20260511_004259,v11s_68.pt,2752855.mp4,11,23,0.994514,17,0.017662,0
20260511_004259,v11s_68.pt,2752855.mp4,12,25,0.994198,17,0.027465,0
20260511_004259,v11s_68.pt,2752855.mp4,13,27,0.993882,17,0.029531,0
20260511_004259,v11s_68.pt,2752855.mp4,14,29,0.994083,17,0.013980,0
20260511_004259,v11s_68.pt,2752855.mp4,15,31,0.992992,17,0.029821,0
20260511_004259,v11s_68.pt,2752855.mp4,16,33,0.994054,17,0.024374,0
20260511_004259,v11s_68.pt,2752855.mp4,17,35,0.993796,17,0.021133,0
20260511_004259,v11s_68.pt,2752855.mp4,18,37,0.994399,17,0.024244,0
20260511_004259,v11s_68.pt,2752855.mp4,19,39,0.994658,17,0.016555,0
20260511_004259,v11s_68.pt,2752855.mp4,20,41,0.992561,17,0.014918,0
20260511_004259,v11s_68.pt,2752855.mp4,21,43,0.990608,17,0.026117,0
20260511_004259,v11s_68.pt,2752855.mp4,22,45,0.988798,17,0.032266,0
20260511_004259,v11s_68.pt,2752855.mp4,23,47,0.986299,17,0.021773,0
20260511_004259,v11s_68.pt,2752855.mp4,24,49,0.985208,17,0.016664,0
20260511_004259,v11s_68.pt,2752855.mp4,25,51,0.988023,17,0.018306,0
20260511_004259,v11s_68.pt,2752855.mp4,26,53,0.989775,17,0.023554,0
20260511_004259,v11s_68.pt,2752855.mp4,27,55,0.993107,17,0.023482,0
20260511_004259,v11s_68.pt,2752855.mp4,28,57,0.993279,17,0.026045,0
20260511_004259,v11s_68.pt,2752855.mp4,29,59,0.992819,17,0.021889,0
20260511_004259,v11s_68.pt,2752855.mp4,30,61,0.989631,17,0.023939,0
20260511_004259,v11s_68.pt,2752855.mp4,31,63,0.991986,17,0.033103,0
20260511_004259,v11s_68.pt,2752855.mp4,32,65,0.990780,17,0.021104,0
20260511_004259,v11s_68.pt,2752855.mp4,33,67,0.990378,17,0.027167,0
20260511_004259,v11s_68.pt,2752855.mp4,34,69,0.989890,17,0.025729,0
20260511_004259,v11s_68.pt,2752855.mp4,35,71,0.990780,17,0.029886,0
20260511_004259,v11s_68.pt,2752855.mp4,36,73,0.991067,17,0.016826,0
20260511_004259,v11s_68.pt,2752855.mp4,37,75,0.992389,17,0.017716,0
20260511_004259,v11s_68.pt,2752855.mp4,38,77,0.992733,17,0.023679,0
20260511_004259,v11s_68.pt,2752855.mp4,39,79,0.991929,17,0.022087,0
20260511_004259,v11s_68.pt,2752855.mp4,40,81,0.984777,17,0.028728,0
20260511_004259,v11s_68.pt,2752855.mp4,41,83,0.984346,17,0.023604,0
20260511_004259,v11s_68.pt,2752855.mp4,42,85,0.987017,17,0.017981,0
20260511_004259,v11s_68.pt,2752855.mp4,43,87,0.985869,17,0.021442,0
20260511_004259,v11s_68.pt,2752855.mp4,44,89,0.986156,17,0.022588,0
20260511_004259,v11s_68.pt,2752855.mp4,45,91,0.992073,17,0.020970,0
20260511_004259,v11s_68.pt,2752855.mp4,46,93,0.991958,17,0.023178,0
20260511_004259,v11s_68.pt,2752855.mp4,47,95,0.992791,17,0.018977,0
20260511_004259,v11s_68.pt,2752855.mp4,48,97,0.992877,17,0.029357,0
20260511_004259,v11s_68.pt,2752855.mp4,49,99,0.992819,17,0.019492,0
20260511_004259,v11s_68.pt,2752855.mp4,50,101,0.993193,17,0.022040,0
20260511_004259,v11s_68.pt,2752855.mp4,51,103,0.992101,17,0.026567,0
20260511_004259,v11s_68.pt,2752855.mp4,52,105,0.991039,17,0.023853,0
20260511_004259,v11s_68.pt,2752855.mp4,53,107,0.990838,17,0.026758,0
20260511_004259,v11s_68.pt,2752855.mp4,54,109,0.992302,17,0.021062,0
20260511_004259,v11s_68.pt,2752855.mp4,55,111,0.992762,17,0.018399,0
20260511_004259,v11s_68.pt,2752855.mp4,56,113,0.992906,17,0.016361,0
20260511_004259,v11s_68.pt,2752855.mp4,57,115,0.992044,17,0.021536,0
20260511_004259,v11s_68.pt,2752855.mp4,58,117,0.990464,17,0.035384,0
20260511_004259,v11s_68.pt,2752855.mp4,59,119,0.991067,17,0.028441,0
20260511_004259,v11s_68.pt,2752855.mp4,60,121,0.993566,17,0.015159,0
20260511_004259,v11s_68.pt,2752855.mp4,61,123,0.994313,17,0.024873,0
20260511_004259,v11s_68.pt,2752855.mp4,62,125,0.993882,17,0.022278,0
20260511_004259,v11s_68.pt,2752855.mp4,63,127,0.993624,17,0.031544,0
20260511_004259,v11s_68.pt,2752855.mp4,64,129,0.993451,17,0.019352,0
20260511_004259,v11s_68.pt,2752855.mp4,65,131,0.992848,17,0.031771,0
20260511_004259,v11s_68.pt,2752855.mp4,66,133,0.992733,17,0.019067,0
20260511_004259,v11s_68.pt,2752855.mp4,67,135,0.991326,17,0.026980,0
20260511_004259,v11s_68.pt,2752855.mp4,68,137,0.991699,17,0.027617,0
20260511_004259,v11s_68.pt,2752855.mp4,69,139,0.990838,17,0.023603,0
20260511_004259,v11s_68.pt,2752855.mp4,70,141,0.991039,17,0.024252,0
20260511_004259,v11s_68.pt,2752855.mp4,71,143,0.989775,17,0.028217,0
20260511_004259,v11s_68.pt,2752855.mp4,72,145,0.990206,17,0.034609,0
20260511_004259,v11s_68.pt,2752855.mp4,73,147,0.987362,17,0.027598,0
20260511_004259,v11s_68.pt,2752855.mp4,74,149,0.988138,17,0.031488,0
20260511_004259,v11s_68.pt,2752855.mp4,75,151,0.987362,17,0.024592,0
20260511_004259,v11s_68.pt,2752855.mp4,76,153,0.992044,17,0.026854,0
20260511_004259,v11s_68.pt,2752855.mp4,77,155,0.991757,17,0.028976,0
20260511_004259,v11s_68.pt,2752855.mp4,78,157,0.993135,17,0.025979,0
20260511_004259,v11s_68.pt,2752855.mp4,79,159,0.992188,17,0.021239,0
20260511_004259,v11s_68.pt,2752855.mp4,80,161,0.991814,17,0.022221,0
20260511_004259,v11s_68.pt,2752855.mp4,81,163,0.987965,17,0.033393,0
20260511_004259,v11s_68.pt,2752855.mp4,82,165,0.991958,17,0.023838,0
20260511_004259,v11s_68.pt,2752855.mp4,83,167,0.992188,17,0.028545,0
20260511_004259,v11s_68.pt,2752855.mp4,84,169,0.992331,17,0.024758,0
20260511_004259,v11s_68.pt,2752855.mp4,85,171,0.992475,17,0.024657,0
20260511_004259,v11s_68.pt,2752855.mp4,86,173,0.989401,17,0.020072,0
20260511_004259,v11s_68.pt,2752855.mp4,87,175,0.988655,17,0.017202,0
20260511_004259,v11s_68.pt,2752855.mp4,88,177,0.989401,17,0.019805,0
20260511_004259,v11s_68.pt,2752855.mp4,89,179,0.987764,17,0.027773,0
20260511_004259,v11s_68.pt,2752855.mp4,90,181,0.988482,17,0.020735,0
20260511_004259,v11s_68.pt,2752855.mp4,91,183,0.988080,17,0.015577,0
20260511_004259,v11s_68.pt,2752855.mp4,92,185,0.988310,17,0.024021,0
20260511_004259,v11s_68.pt,2752855.mp4,93,187,0.988166,17,0.030497,0
20260511_004259,v11s_68.pt,2752855.mp4,94,189,0.989717,17,0.024725,0
20260511_004259,v11s_68.pt,2752855.mp4,95,191,0.988770,17,0.015248,0
20260511_004259,v11s_68.pt,2752855.mp4,96,193,0.986242,17,0.025504,0
20260511_004259,v11s_68.pt,2752855.mp4,97,195,0.986701,17,0.035420,0
20260511_004259,v11s_68.pt,2752855.mp4,98,197,0.985668,17,0.023391,0
20260511_004259,v11s_68.pt,2752855.mp4,99,199,0.987707,17,0.023363,0
20260511_004259,v11s_68.pt,2752855.mp4,100,201,0.987592,17,0.022493,0
20260511_004259,v11s_68.pt,2752855.mp4,101,203,0.984634,17,0.026567,0
20260511_004259,v11s_68.pt,2752855.mp4,102,205,0.981043,17,0.019839,0
20260511_004259,v11s_68.pt,2752855.mp4,103,207,0.981129,17,0.016317,0
20260511_004259,v11s_68.pt,2752855.mp4,104,209,0.978516,17,0.017908,0
20260511_004259,v11s_68.pt,2752855.mp4,105,211,0.981101,17,0.024642,0
20260511_004259,v11s_68.pt,2752855.mp4,106,213,0.976620,17,0.026002,0
20260511_004259,v11s_68.pt,2752855.mp4,107,215,0.975442,17,0.018516,0
20260511_004259,v11s_68.pt,2752855.mp4,108,217,0.984174,17,0.021189,0
20260511_004259,v11s_68.pt,2752855.mp4,109,219,0.980699,17,0.019993,0
20260511_004259,v11s_68.pt,2752855.mp4,110,221,0.980469,17,0.017472,0
20260511_004259,v11s_68.pt,2752855.mp4,111,223,0.981072,17,0.016361,0
20260511_004259,v11s_68.pt,2752855.mp4,112,225,0.977338,17,0.017718,0
20260511_004259,v11s_68.pt,2752855.mp4,113,227,0.981359,17,0.023300,0
20260511_004259,v11s_68.pt,2752855.mp4,114,229,0.982680,17,0.025929,0
20260511_004259,v11s_68.pt,2752855.mp4,115,231,0.982192,17,0.013659,0
20260511_004259,v11s_68.pt,2752855.mp4,116,233,0.980584,17,0.023290,0
20260511_004259,v11s_68.pt,2752855.mp4,117,235,0.983398,17,0.017394,0
20260511_004259,v11s_68.pt,2752855.mp4,118,237,0.983226,17,0.041321,0
20260511_004259,v11s_68.pt,2752855.mp4,119,239,0.986989,17,0.024701,0
20260511_004259,v11s_68.pt,2752855.mp4,120,241,0.982250,17,0.024150,0
20260511_004259,v11s_68.pt,2752855.mp4,121,243,0.984404,17,0.016547,0
20260511_004259,v11s_68.pt,2752855.mp4,122,245,0.986558,17,0.014655,0
20260511_004259,v11s_68.pt,2752855.mp4,123,247,0.986443,17,0.014625,0
20260511_004259,v11s_68.pt,2752855.mp4,124,249,0.987678,17,0.026888,0
20260511_004259,v11s_68.pt,2752855.mp4,125,251,0.986529,17,0.037303,0
20260511_004259,v11s_68.pt,2752855.mp4,126,253,0.977539,17,0.023457,0
20260511_004259,v11s_68.pt,2752855.mp4,127,255,0.982594,17,0.015626,0
20260511_004259,v11s_68.pt,2752855.mp4,128,257,0.984231,17,0.028171,0
20260511_004259,v11s_68.pt,2752855.mp4,129,259,0.986012,17,0.025223,0
20260511_004259,v11s_68.pt,2752855.mp4,130,261,0.987822,17,0.018613,0
20260511_004259,v11s_68.pt,2752855.mp4,131,263,0.987965,17,0.022035,0
20260511_004259,v11s_68.pt,2752855.mp4,132,265,0.987506,17,0.022264,0
20260511_004259,v11s_68.pt,2752855.mp4,133,267,0.987649,17,0.029154,0
20260511_004259,v11s_68.pt,2752855.mp4,134,269,0.985696,17,0.028115,0
20260511_004259,v11s_68.pt,2752855.mp4,135,271,0.985007,17,0.027075,0
20260511_004259,v11s_68.pt,2752855.mp4,136,273,0.983427,17,0.026037,0
20260511_004259,v11s_68.pt,2752855.mp4,137,275,0.981589,17,0.022600,0
20260511_004259,v11s_68.pt,2752855.mp4,138,277,0.981187,17,0.016759,0
20260511_004259,v11s_68.pt,2752855.mp4,139,279,0.981675,17,0.014176,0
20260511_004259,v11s_68.pt,2752855.mp4,140,281,0.984203,17,0.012442,0
20260511_004259,v11s_68.pt,2752855.mp4,141,283,0.985380,17,0.033523,0
20260511_004259,v11s_68.pt,2752855.mp4,142,285,0.975040,17,0.028321,0
20260511_004259,v11s_68.pt,2752855.mp4,143,287,0.983801,17,0.021360,0
20260511_004259,v11s_68.pt,2752855.mp4,144,289,0.978774,17,0.020059,0
20260511_004259,v11s_68.pt,2752855.mp4,145,291,0.979837,17,0.029065,0
20260511_004259,v11s_68.pt,2752855.mp4,146,293,0.978286,17,0.018572,0
20260511_004259,v11s_68.pt,2752855.mp4,147,295,0.980325,17,0.018779,0
20260511_004259,v11s_68.pt,2752855.mp4,148,297,0.981129,17,0.029186,0
20260511_004259,v11s_68.pt,2752855.mp4,149,299,0.981847,17,0.027615,0
20260511_004259,v11s_68.pt,2752855.mp4,150,301,0.984634,17,0.027119,0
20260511_004259,v11s_68.pt,2752855.mp4,151,303,0.986213,17,0.018959,0
20260511_004259,v11s_68.pt,2752855.mp4,152,305,0.983657,17,0.039395,0
20260511_004259,v11s_68.pt,2752855.mp4,153,307,0.983427,17,0.018987,0
20260511_004259,v11s_68.pt,2752855.mp4,154,309,0.985352,17,0.023515,0
20260511_004259,v11s_68.pt,2752855.mp4,155,311,0.984145,17,0.022583,0
20260511_004259,v11s_68.pt,2752855.mp4,156,313,0.985265,17,0.014105,0
20260511_004259,v11s_68.pt,2752855.mp4,157,315,0.987879,17,0.017843,0
20260511_004259,v11s_68.pt,2752855.mp4,158,317,0.987592,17,0.022103,0
20260511_004259,v11s_68.pt,2752855.mp4,159,319,0.987707,17,0.017973,0
20260511_004259,v11s_68.pt,2752855.mp4,160,321,0.987477,17,0.022661,0
20260511_004259,v11s_68.pt,2752855.mp4,161,323,0.987218,17,0.028900,0
20260511_004259,v11s_68.pt,2752855.mp4,162,325,0.985869,17,0.027717,0
20260511_004259,v11s_68.pt,2752855.mp4,163,327,0.985495,17,0.021057,0
20260511_004259,v11s_68.pt,2752855.mp4,164,329,0.986242,17,0.017299,0
20260511_004259,v11s_68.pt,2752855.mp4,165,331,0.986788,17,0.027755,0
20260511_004259,v11s_68.pt,2752855.mp4,166,333,0.983456,17,0.023840,0
20260511_004259,v11s_68.pt,2752855.mp4,167,335,0.983111,17,0.019572,0
20260511_004259,v11s_68.pt,2752855.mp4,168,337,0.988971,17,0.029406,0
20260511_004259,v11s_68.pt,2752855.mp4,169,339,0.986558,17,0.023951,0
20260511_004259,v11s_68.pt,2752855.mp4,170,341,0.982795,17,0.038539,0
20260511_004259,v11s_68.pt,2752855.mp4,171,343,0.979980,17,0.018149,0
20260511_004259,v11s_68.pt,2752855.mp4,172,345,0.980153,17,0.030720,0
20260511_004259,v11s_68.pt,2752855.mp4,173,347,0.974810,17,0.022527,0
20260511_004259,v11s_68.pt,2752855.mp4,174,349,0.982393,17,0.025427,0
20260511_004259,v11s_68.pt,2752855.mp4,175,351,0.983944,17,0.020632,0
20260511_004259,v11s_68.pt,2752855.mp4,176,353,0.980239,17,0.020985,0
20260511_004259,v11s_68.pt,2752855.mp4,177,355,0.978631,17,0.021062,0
20260511_004259,v11s_68.pt,2752855.mp4,178,357,0.981560,17,0.021174,0
20260511_004259,v11s_68.pt,2752855.mp4,179,359,0.983743,17,0.019716,0
20260511_004259,v11s_68.pt,2752855.mp4,180,361,0.987448,17,0.027995,0
20260511_004259,v11s_68.pt,2752855.mp4,181,363,0.989861,17,0.024564,0
20260511_004259,v11s_68.pt,2752855.mp4,182,365,0.990148,17,0.027050,0
20260511_004259,v11s_68.pt,2752855.mp4,183,367,0.988827,17,0.023291,0
20260511_004259,v11s_68.pt,2752855.mp4,184,369,0.986414,17,0.021324,0
20260511_004259,v11s_68.pt,2752855.mp4,185,371,0.987017,17,0.017360,0
20260511_004259,v11s_68.pt,2752855.mp4,186,373,0.985380,17,0.032030,0
20260511_004259,v11s_68.pt,2752855.mp4,187,375,0.981675,17,0.024047,0
20260511_004259,v11s_68.pt,2752855.mp4,188,377,0.988568,17,0.028726,0
20260511_004259,v11s_68.pt,2752855.mp4,189,379,0.981962,17,0.032697,0
20260511_004259,v11s_68.pt,2752855.mp4,190,381,0.985811,17,0.024062,0
20260511_004259,v11s_68.pt,2752855.mp4,191,383,0.987621,17,0.022478,0
20260511_004259,v11s_68.pt,2752855.mp4,192,385,0.988195,17,0.026543,0
20260511_004259,v11s_68.pt,2752855.mp4,193,387,0.990033,17,0.028029,0
20260511_004259,v11s_68.pt,2752855.mp4,194,389,0.988281,17,0.023107,0
20260511_004259,v11s_68.pt,2752855.mp4,195,391,0.988712,17,0.020356,0
20260511_004259,v11s_68.pt,2752855.mp4,196,393,0.987534,17,0.034021,0
20260511_004259,v11s_68.pt,2752855.mp4,197,395,0.985495,17,0.027376,0
20260511_004259,v11s_68.pt,2752855.mp4,198,397,0.985064,17,0.015415,0
20260511_004259,v11s_68.pt,2752855.mp4,199,399,0.983054,17,0.018428,0
20260511_004259,v11s_68.pt,2752855.mp4,200,401,0.981474,17,0.031384,0
20260511_004259,v11s_68.pt,2752855.mp4,201,403,0.985466,17,0.023930,0
20260511_004259,v11s_68.pt,2752855.mp4,202,405,0.987908,17,0.022852,0
20260511_004259,v11s_68.pt,2752855.mp4,203,407,0.988253,17,0.019651,0
20260511_004259,v11s_68.pt,2752855.mp4,204,409,0.988712,17,0.019431,0
20260511_004259,v11s_68.pt,2752855.mp4,205,411,0.990091,17,0.020081,0
20260511_004259,v11s_68.pt,2752855.mp4,206,413,0.989143,17,0.028495,0
20260511_004259,v11s_68.pt,2752855.mp4,207,415,0.987218,17,0.040198,0
20260511_004259,v11s_68.pt,2752855.mp4,208,417,0.985064,17,0.027635,0
20260511_004259,v11s_68.pt,2752855.mp4,209,419,0.983054,17,0.020431,0
20260511_004259,v11s_68.pt,2752855.mp4,210,421,0.983111,17,0.034281,0
20260511_004259,v11s_68.pt,2752855.mp4,211,423,0.987937,17,0.021533,0
20260511_004259,v11s_68.pt,2752855.mp4,212,425,0.988396,17,0.020251,0
20260511_004259,v11s_68.pt,2752855.mp4,213,427,0.974293,17,0.023910,0
20260511_004259,v11s_68.pt,2752855.mp4,214,429,0.970818,17,0.015036,0
20260511_004259,v11s_68.pt,2752855.mp4,215,431,0.965763,17,0.024062,0
20260511_004259,v11s_68.pt,2752855.mp4,216,433,0.962489,17,0.019123,0
20260511_004259,v11s_68.pt,2752855.mp4,217,435,0.959128,17,0.014434,0
20260511_004259,v11s_68.pt,2752855.mp4,218,437,0.959013,17,0.014385,0
20260511_004259,v11s_68.pt,2752855.mp4,219,439,0.960952,17,0.021200,0
20260511_004259,v11s_68.pt,2752855.mp4,220,441,0.959071,17,0.026457,0
20260511_004259,v11s_68.pt,2752855.mp4,221,443,0.964872,17,0.015578,0
20260511_004259,v11s_68.pt,2752855.mp4,222,445,0.967285,17,0.017020,0
20260511_004259,v11s_68.pt,2752855.mp4,223,447,0.970215,17,0.017293,0
20260511_004259,v11s_68.pt,2752855.mp4,224,449,0.971881,17,0.011824,0
20260511_004259,v11s_68.pt,2752855.mp4,225,451,0.980411,17,0.015064,0
20260511_004259,v11s_68.pt,2752855.mp4,226,453,0.982565,17,0.021917,0
20260511_004259,v11s_68.pt,2752855.mp4,227,455,0.982853,17,0.025566,0
20260511_004259,v11s_68.pt,2752855.mp4,228,457,0.984519,17,0.022129,0
20260511_004259,v11s_68.pt,2752855.mp4,229,459,0.982594,17,0.014159,0
20260511_004259,v11s_68.pt,2752855.mp4,230,461,0.979952,17,0.037739,0
20260511_004259,v11s_68.pt,2752855.mp4,231,463,0.979205,17,0.023211,0
20260511_004259,v11s_68.pt,2752855.mp4,232,465,0.974638,17,0.027395,0
20260511_004259,v11s_68.pt,2752855.mp4,233,467,0.978516,17,0.028497,0
20260511_004259,v11s_68.pt,2752855.mp4,234,469,0.978889,17,0.032374,0
20260511_004259,v11s_68.pt,2752855.mp4,235,471,0.977108,17,0.024653,0
20260511_004259,v11s_68.pt,2752855.mp4,236,473,0.980124,17,0.028953,0
20260511_004259,v11s_68.pt,2752855.mp4,237,475,0.979952,17,0.025163,0
20260511_004259,v11s_68.pt,2752855.mp4,238,477,0.984059,17,0.030411,0
20260511_004259,v11s_68.pt,2752855.mp4,239,479,0.982767,17,0.028531,0
20260511_004259,v11s_68.pt,2752855.mp4,240,481,0.976534,17,0.023925,0
20260511_004259,v11s_68.pt,2752855.mp4,241,483,0.984662,17,0.028248,0
20260511_004259,v11s_68.pt,2752855.mp4,242,485,0.987937,17,0.026600,0
20260511_004259,v11s_68.pt,2752855.mp4,243,487,0.988339,17,0.029795,0
20260511_004259,v11s_68.pt,2752855.mp4,244,489,0.988971,17,0.023648,0
20260511_004259,v11s_68.pt,2752855.mp4,245,491,0.989488,17,0.025180,0
20260511_004259,v11s_68.pt,2752855.mp4,246,493,0.989861,17,0.029575,0
20260511_004259,v11s_68.pt,2752855.mp4,247,495,0.987218,17,0.022057,0
20260511_004259,v11s_68.pt,2752855.mp4,248,497,0.984002,17,0.021673,0
20260511_004259,v11s_68.pt,2752855.mp4,249,499,0.977683,17,0.017964,0
20260511_004259,v11s_68.pt,2752855.mp4,250,501,0.970186,17,0.024443,0
20260511_004259,v11s_68.pt,2752855.mp4,251,503,0.977108,17,0.021686,0
20260511_004259,v11s_68.pt,2752855.mp4,252,505,0.974753,17,0.021597,0
20260511_004259,v11s_68.pt,2752855.mp4,253,507,0.978429,17,0.028087,0
20260511_004259,v11s_68.pt,2752855.mp4,254,509,0.982364,17,0.024499,0
20260511_004259,v11s_68.pt,2752855.mp4,255,511,0.978200,17,0.023844,0
20260511_004259,v11s_68.pt,2752855.mp4,256,513,0.977798,17,0.025761,0
20260511_004259,v11s_68.pt,2752855.mp4,257,515,0.978602,17,0.015087,0
20260511_004259,v11s_68.pt,2752855.mp4,258,517,0.977999,17,0.011599,0
20260511_004259,v11s_68.pt,2752855.mp4,259,519,0.978487,17,0.014438,0
20260511_004259,v11s_68.pt,2752855.mp4,260,521,0.974380,17,0.024910,0
20260511_004259,v11s_68.pt,2752855.mp4,261,523,0.974810,17,0.026678,0
20260511_004259,v11s_68.pt,2752855.mp4,262,525,0.985869,17,0.023513,0
20260511_004259,v11s_68.pt,2752855.mp4,263,527,0.978631,17,0.026676,0
20260511_004259,v11s_68.pt,2752855.mp4,264,529,0.970703,17,0.026415,0
20260511_004259,v11s_68.pt,2752855.mp4,265,531,0.979061,17,0.022278,0
20260511_004259,v11s_68.pt,2752855.mp4,266,533,0.982623,17,0.021587,0
20260511_004259,v11s_68.pt,2752855.mp4,267,535,0.982824,17,0.022061,0
20260511_004259,v11s_68.pt,2752855.mp4,268,537,0.982910,17,0.020831,0
20260511_004259,v11s_68.pt,2752855.mp4,269,539,0.984949,17,0.040381,0
20260511_004259,v11s_68.pt,2752855.mp4,270,541,0.979722,17,0.023233,0
20260511_004259,v11s_68.pt,2752855.mp4,271,543,0.974265,17,0.032986,0
20260511_004259,v11s_68.pt,2752855.mp4,272,545,0.984720,17,0.023909,0
20260511_004259,v11s_68.pt,2752855.mp4,273,547,0.982767,17,0.026288,0
20260511_004259,v11s_68.pt,2752855.mp4,274,549,0.985007,17,0.029864,0
20260511_004259,v11s_68.pt,2752855.mp4,275,551,0.986098,17,0.026617,0
20260511_004259,v11s_68.pt,2752855.mp4,276,553,0.989085,17,0.019868,0
20260511_004259,v11s_68.pt,2752855.mp4,277,555,0.989430,17,0.021092,0
20260511_004259,v11s_68.pt,2752855.mp4,278,557,0.991096,17,0.021496,0
20260511_004259,v11s_68.pt,2752855.mp4,279,559,0.989287,17,0.025360,0
20260511_004259,v11s_68.pt,2752855.mp4,280,561,0.990091,17,0.035834,0
20260511_004259,v11s_68.pt,2752855.mp4,281,563,0.990005,17,0.024103,0
20260511_004259,v11s_68.pt,2752855.mp4,282,565,0.988683,17,0.024756,0
20260511_004259,v11s_68.pt,2752855.mp4,283,567,0.988856,17,0.025268,0
20260511_004259,v11s_68.pt,2752855.mp4,284,569,0.986931,17,0.018844,0
20260511_004259,v11s_68.pt,2752855.mp4,285,571,0.982853,17,0.021901,0
20260511_004259,v11s_68.pt,2752855.mp4,286,573,0.983312,17,0.017420,0
20260511_004259,v11s_68.pt,2752855.mp4,287,575,0.977051,17,0.025961,0
20260511_004259,v11s_68.pt,2752855.mp4,288,577,0.980928,17,0.028107,0
20260511_004259,v11s_68.pt,2752855.mp4,289,579,0.976160,17,0.023103,0
20260511_004259,v11s_68.pt,2752855.mp4,290,581,0.983571,17,0.021610,0
20260511_004259,v11s_68.pt,2752855.mp4,291,583,0.981589,17,0.020116,0
20260511_004259,v11s_68.pt,2752855.mp4,292,585,0.977022,17,0.027080,0
20260511_004259,v11s_68.pt,2752855.mp4,293,587,0.972628,17,0.021057,0
20260511_004259,v11s_68.pt,2752855.mp4,294,589,0.973116,17,0.021516,0
20260511_004259,v11s_68.pt,2752855.mp4,295,591,0.977941,17,0.014339,0
20260511_004259,v11s_68.pt,2752855.mp4,296,593,0.979722,17,0.017671,0
20260511_004259,v11s_68.pt,2752855.mp4,297,595,0.979435,17,0.016008,0
20260511_004259,v11s_68.pt,2752855.mp4,298,597,0.979693,17,0.019912,0
20260511_004259,v11s_68.pt,2752855.mp4,299,599,0.979234,17,0.027923,0
20260511_004259,v11s_68.pt,2752855.mp4,300,601,0.980612,17,0.024884,0
20260511_004259,v11s_68.pt,2752855.mp4,301,603,0.981503,17,0.025742,0
20260511_004259,v11s_68.pt,2752855.mp4,302,605,0.980411,17,0.025687,0
20260511_004259,v11s_68.pt,2752855.mp4,303,607,0.983312,17,0.021491,0
20260511_004259,v11s_68.pt,2752855.mp4,304,609,0.977769,17,0.021345,0
20260511_004259,v11s_68.pt,2752855.mp4,305,611,0.977625,17,0.026361,0
20260511_004259,v11s_68.pt,2752855.mp4,306,613,0.982537,17,0.027651,0
20260511_004259,v11s_68.pt,2752855.mp4,307,615,0.981129,17,0.029717,0
20260511_004259,v11s_68.pt,2752855.mp4,308,617,0.980555,17,0.020683,0
20260511_004259,v11s_68.pt,2752855.mp4,309,619,0.982853,17,0.017523,0
20260511_004259,v11s_68.pt,2752855.mp4,310,621,0.983456,17,0.027797,0
20260511_004259,v11s_68.pt,2752855.mp4,311,623,0.985208,17,0.021829,0
20260511_004259,v11s_68.pt,2752855.mp4,312,625,0.984174,17,0.032857,0
20260511_004259,v11s_68.pt,2752855.mp4,313,627,0.987736,17,0.021388,0
20260511_004259,v11s_68.pt,2752855.mp4,314,629,0.987190,17,0.019769,0
20260511_004259,v11s_68.pt,2752855.mp4,315,631,0.987132,17,0.020561,0
20260511_004259,v11s_68.pt,2752855.mp4,316,633,0.989459,17,0.026850,0
20260511_004259,v11s_68.pt,2752855.mp4,317,635,0.988367,17,0.035292,0
20260511_004259,v11s_68.pt,2752855.mp4,318,637,0.985955,17,0.039447,0
20260511_004259,v11s_68.pt,2752855.mp4,319,639,0.980497,17,0.023319,0
20260511_004259,v11s_68.pt,2752855.mp4,320,641,0.976936,17,0.027615,0
20260511_004259,v11s_68.pt,2752855.mp4,321,643,0.976591,17,0.032314,0
20260511_004259,v11s_68.pt,2752855.mp4,322,645,0.978745,17,0.019411,0
20260511_004259,v11s_68.pt,2752855.mp4,323,647,0.974494,17,0.025109,0
20260511_004259,v11s_68.pt,2752855.mp4,324,649,0.979004,17,0.023252,0
20260511_004259,v11s_68.pt,2752855.mp4,325,651,0.981905,17,0.026226,0
20260511_004259,v11s_68.pt,2752855.mp4,326,653,0.980383,17,0.025346,0
20260511_004259,v11s_68.pt,2752855.mp4,327,655,0.977137,17,0.023569,0
20260511_004259,v11s_68.pt,2752855.mp4,328,657,0.969669,17,0.030956,0
20260511_004259,v11s_68.pt,2752855.mp4,329,659,0.977166,17,0.028543,0
20260511_004259,v11s_68.pt,2752855.mp4,330,661,0.976361,17,0.026088,0
20260511_004259,v11s_68.pt,2752855.mp4,331,663,0.980268,17,0.021218,0
20260511_004259,v11s_68.pt,2752855.mp4,332,665,0.977539,17,0.021572,0
20260511_004259,v11s_68.pt,2752855.mp4,333,667,0.974466,17,0.020538,0
20260511_004259,v11s_68.pt,2752855.mp4,334,669,0.975816,17,0.021900,0
20260511_004259,v11s_68.pt,2752855.mp4,335,671,0.973173,17,0.025780,0
20260511_004259,v11s_68.pt,2752855.mp4,336,673,0.976045,17,0.014563,0
20260511_004259,v11s_68.pt,2752855.mp4,337,675,0.973173,17,0.038637,0
20260511_004259,v11s_68.pt,2752855.mp4,338,677,0.969267,17,0.031539,0
20260511_004259,v11s_68.pt,2752855.mp4,339,679,0.969928,17,0.025765,0
20260511_004259,v11s_68.pt,2752855.mp4,340,681,0.981589,17,0.022582,0
20260511_004259,v11s_68.pt,2752855.mp4,341,683,0.977884,17,0.029182,0
20260511_004259,v11s_68.pt,2752855.mp4,342,685,0.977482,17,0.026717,0
20260511_004259,v11s_68.pt,2752855.mp4,343,687,0.979779,17,0.020527,0
20260511_004259,v11s_68.pt,2752855.mp4,344,689,0.979693,17,0.019615,0
20260511_004259,v11s_68.pt,2752855.mp4,345,691,0.982996,17,0.026646,0
20260511_004259,v11s_68.pt,2752855.mp4,346,693,0.979234,17,0.027766,0
20260511_004259,v11s_68.pt,2752855.mp4,347,695,0.981704,17,0.021006,0
20260511_004259,v11s_68.pt,2752855.mp4,348,697,0.986328,17,0.031676,0
20260511_004259,v11s_68.pt,2752855.mp4,349,699,0.983341,17,0.028852,0
20260511_004259,v11s_68.pt,2752855.mp4,350,701,0.983542,17,0.025821,0
20260511_004259,v11s_68.pt,2752855.mp4,351,703,0.985064,17,0.023674,0
20260511_004259,v11s_68.pt,2752855.mp4,352,705,0.973863,17,0.028729,0
20260511_004259,v11s_68.pt,2752855.mp4,353,707,0.976132,17,0.032033,0
20260511_004259,v11s_68.pt,2752855.mp4,354,709,0.978429,17,0.025785,0
20260511_004259,v11s_68.pt,2752855.mp4,355,711,0.977654,17,0.017476,0
20260511_004259,v11s_68.pt,2752855.mp4,356,713,0.974150,17,0.018124,0
20260511_004259,v11s_68.pt,2752855.mp4,357,715,0.982451,17,0.022939,0
20260511_004259,v11s_68.pt,2752855.mp4,358,717,0.977223,17,0.019284,0
20260511_004259,v11s_68.pt,2752855.mp4,359,719,0.979492,17,0.034601,0
20260511_004259,v11s_68.pt,2752855.mp4,360,721,0.970358,17,0.027827,0
20260511_004259,v11s_68.pt,2752855.mp4,361,723,0.950741,17,0.019778,0
20260511_004259,v11s_68.pt,2752855.mp4,362,725,0.965476,17,0.028418,0
20260511_004259,v11s_68.pt,2752855.mp4,363,727,0.972197,17,0.027171,0
20260511_004259,v11s_68.pt,2752855.mp4,364,729,0.973058,17,0.019127,0
20260511_004259,v11s_68.pt,2752855.mp4,365,731,0.970703,17,0.023555,0
20260511_004259,v11s_68.pt,2752855.mp4,366,733,0.972886,17,0.024928,0
20260511_004259,v11s_68.pt,2752855.mp4,367,735,0.972800,17,0.023286,0
20260511_004259,v11s_68.pt,2752855.mp4,368,737,0.960564,17,0.028793,0
20260511_004259,v11s_68.pt,2752855.mp4,369,739,0.962948,17,0.034739,0
20260511_004259,v11s_68.pt,2752855.mp4,370,741,0.963149,17,0.023676,0
20260511_004259,v11s_68.pt,2752855.mp4,371,743,0.957922,17,0.023574,0
20260511_004259,v11s_68.pt,2752855.mp4,372,745,0.955480,17,0.019384,0
20260511_004259,v11s_68.pt,2752855.mp4,373,747,0.967314,17,0.017618,0
20260511_004259,v11s_68.pt,2752855.mp4,374,749,0.974667,17,0.023386,0
20260511_004259,v11s_68.pt,2752855.mp4,375,751,0.966940,17,0.020370,0
20260511_004259,v11s_68.pt,2752855.mp4,376,753,0.967113,17,0.032296,0
20260511_004259,v11s_68.pt,2752855.mp4,377,755,0.973518,17,0.016202,0
20260511_004259,v11s_68.pt,2752855.mp4,378,757,0.973489,17,0.018540,0
20260511_004259,v11s_68.pt,2752855.mp4,379,759,0.976476,17,0.025664,0
20260511_004259,v11s_68.pt,2752855.mp4,380,761,0.979779,17,0.030256,0
20260511_004259,v11s_68.pt,2752855.mp4,381,763,0.979866,17,0.027213,0
20260511_004259,v11s_68.pt,2752855.mp4,382,765,0.981302,17,0.025936,0
20260511_004259,v11s_68.pt,2752855.mp4,383,767,0.980354,17,0.019596,0
20260511_004259,v11s_68.pt,2752855.mp4,384,769,0.980785,17,0.038434,0
20260511_004259,v11s_68.pt,2752855.mp4,385,771,0.974351,17,0.026701,0
20260511_004259,v11s_68.pt,2752855.mp4,386,773,0.972972,17,0.029114,0
20260511_004259,v11s_68.pt,2752855.mp4,387,775,0.970014,17,0.027505,0
20260511_004259,v11s_68.pt,2752855.mp4,388,777,0.965935,17,0.019143,0
20260511_004259,v11s_68.pt,2752855.mp4,389,779,0.967687,17,0.013361,0
20260511_004259,v11s_68.pt,2752855.mp4,390,781,0.967228,17,0.016062,0
20260511_004259,v11s_68.pt,2752855.mp4,391,783,0.963465,17,0.016574,0
20260511_004259,v11s_68.pt,2752855.mp4,392,785,0.954733,17,0.021248,0
20260511_004259,v11s_68.pt,2752855.mp4,393,787,0.963436,17,0.023223,0
20260511_004259,v11s_68.pt,2752855.mp4,394,789,0.960909,17,0.018715,0
20260511_004259,v11s_68.pt,2752855.mp4,395,791,0.964183,17,0.022986,0
20260511_004259,v11s_68.pt,2752855.mp4,396,793,0.965131,17,0.019772,0
20260511_004259,v11s_68.pt,2752855.mp4,397,795,0.970387,17,0.016292,0
20260511_004259,v11s_68.pt,2752855.mp4,398,797,0.975414,17,0.015266,0
20260511_004259,v11s_68.pt,2752855.mp4,399,799,0.973834,17,0.016935,0
20260511_004259,v11s_68.pt,2752855.mp4,400,801,0.970244,17,0.024168,0
20260511_004259,v11s_68.pt,2752855.mp4,401,803,0.965504,17,0.020434,0
20260511_004259,v11s_68.pt,2752855.mp4,402,805,0.963264,17,0.022169,0
20260511_004259,v11s_68.pt,2752855.mp4,403,807,0.972915,17,0.042633,0
20260511_004259,v11s_68.pt,2752855.mp4,404,809,0.974925,17,0.018316,0
20260511_004259,v11s_68.pt,2752855.mp4,405,811,0.967946,17,0.019186,0
20260511_004259,v11s_68.pt,2752855.mp4,406,813,0.960219,17,0.024242,0
20260511_004259,v11s_68.pt,2752855.mp4,407,815,0.956428,17,0.026954,0
20260511_004259,v11s_68.pt,2752855.mp4,408,817,0.969353,17,0.027392,0
20260511_004259,v11s_68.pt,2752855.mp4,409,819,0.967400,17,0.025548,0
20260511_004259,v11s_68.pt,2752855.mp4,410,821,0.958295,17,0.038190,0
20260511_004259,v11s_68.pt,2752855.mp4,411,823,0.966682,17,0.029412,0
20260511_004259,v11s_68.pt,2752855.mp4,412,825,0.970789,17,0.042191,0
20260511_004259,v11s_68.pt,2752855.mp4,413,827,0.968405,17,0.022661,0
20260511_004259,v11s_68.pt,2752855.mp4,414,829,0.976562,17,0.027149,0
20260511_004259,v11s_68.pt,2752855.mp4,415,831,0.980584,17,0.021214,0
20260511_004259,v11s_68.pt,2752855.mp4,416,833,0.977453,17,0.022789,0
20260511_004259,v11s_68.pt,2752855.mp4,417,835,0.974667,17,0.022957,0
20260511_004259,v11s_68.pt,2752855.mp4,418,837,0.977711,17,0.033592,0
20260511_004259,v11s_68.pt,2752855.mp4,419,839,0.969870,17,0.030981,0
20260511_004259,v11s_68.pt,2752855.mp4,420,841,0.968721,17,0.025922,0
20260511_004259,v11s_68.pt,2752855.mp4,421,843,0.967055,17,0.031311,0
20260511_004259,v11s_68.pt,2752855.mp4,422,845,0.963522,17,0.028212,0
20260511_004259,v11s_68.pt,2752855.mp4,423,847,0.959731,17,0.027194,0
20260511_004259,v11s_68.pt,2752855.mp4,424,849,0.963149,17,0.022936,0
20260511_004259,v11s_68.pt,2752855.mp4,425,851,0.957060,17,0.023570,0
20260511_004259,v11s_68.pt,2752855.mp4,426,853,0.949219,17,0.022887,0
20260511_004259,v11s_68.pt,2752855.mp4,427,855,0.948644,17,0.018208,0
20260511_004259,v11s_68.pt,2752855.mp4,428,857,0.946232,17,0.023235,0
20260511_004259,v11s_68.pt,2752855.mp4,429,859,0.935676,17,0.023409,0
20260511_004259,v11s_68.pt,2752855.mp4,430,861,0.945528,17,0.026593,0
20260511_004259,v11s_68.pt,2752855.mp4,431,863,0.948170,17,0.024096,0
20260511_004259,v11s_68.pt,2752855.mp4,432,865,0.953685,17,0.022751,0
20260511_004259,v11s_68.pt,2752855.mp4,433,867,0.963781,17,0.017949,0
20260511_004259,v11s_68.pt,2752855.mp4,434,869,0.969554,17,0.018231,0
20260511_004259,v11s_68.pt,2752855.mp4,435,871,0.966711,17,0.020507,0
20260511_004259,v11s_68.pt,2752855.mp4,436,873,0.969956,17,0.020137,0
20260511_004259,v11s_68.pt,2752855.mp4,437,875,0.966510,17,0.022421,0
20260511_004259,v11s_68.pt,2752855.mp4,438,877,0.965016,17,0.023581,0
20260511_004259,v11s_68.pt,2752855.mp4,439,879,0.957634,17,0.026539,0
20260511_004259,v11s_68.pt,2752855.mp4,440,881,0.966251,17,0.028805,0
20260511_004259,v11s_68.pt,2752855.mp4,441,883,0.965217,17,0.026205,0
20260511_004259,v11s_68.pt,2752855.mp4,442,885,0.957520,17,0.030888,0
20260511_004259,v11s_68.pt,2752855.mp4,443,887,0.957634,17,0.023580,0
20260511_004259,v11s_68.pt,2752855.mp4,444,889,0.947596,17,0.031855,0
20260511_004259,v11s_68.pt,2752855.mp4,445,891,0.948630,17,0.022871,0
20260511_004259,v11s_68.pt,2752855.mp4,446,893,0.952393,17,0.021562,0
20260511_004259,v11s_68.pt,2752855.mp4,447,895,0.968635,17,0.027459,0
20260511_004259,v11s_68.pt,2752855.mp4,448,897,0.973288,17,0.032826,0
20260511_004259,v11s_68.pt,2752855.mp4,449,899,0.976275,17,0.028270,0
20260511_004259,v11s_68.pt,2752855.mp4,450,901,0.974782,17,0.028240,0
20260511_004259,v11s_68.pt,2752855.mp4,451,903,0.974753,17,0.022713,0
20260511_004259,v11s_68.pt,2752855.mp4,452,905,0.971507,17,0.028638,0
20260511_004259,v11s_68.pt,2752855.mp4,453,907,0.978315,17,0.031905,0
20260511_004259,v11s_68.pt,2752855.mp4,454,909,0.979061,17,0.039240,0
20260511_004259,v11s_68.pt,2752855.mp4,455,911,0.976562,17,0.027151,0
20260511_004259,v11s_68.pt,2752855.mp4,456,913,0.963724,17,0.032999,0
20260511_004259,v11s_68.pt,2752855.mp4,457,915,0.963896,17,0.035359,0
20260511_004259,v11s_68.pt,2752855.mp4,458,917,0.956141,17,0.023443,0
20260511_004259,v11s_68.pt,2752855.mp4,459,919,0.960708,17,0.018919,0
20260511_004259,v11s_68.pt,2752855.mp4,460,921,0.959243,17,0.021664,0
20260511_004259,v11s_68.pt,2752855.mp4,461,923,0.949793,17,0.025116,0
20260511_004259,v11s_68.pt,2752855.mp4,462,925,0.939482,17,0.025253,0
20260511_004259,v11s_68.pt,2752855.mp4,463,927,0.952148,17,0.026010,0
20260511_004259,v11s_68.pt,2752855.mp4,464,929,0.950138,17,0.017979,0
20260511_004259,v11s_68.pt,2752855.mp4,465,931,0.948673,17,0.028412,0
20260511_004259,v11s_68.pt,2752855.mp4,466,933,0.959415,17,0.026975,0
20260511_004259,v11s_68.pt,2752855.mp4,467,935,0.957405,17,0.023967,0
20260511_004259,v11s_68.pt,2752855.mp4,468,937,0.963293,17,0.023587,0
20260511_004259,v11s_68.pt,2752855.mp4,469,939,0.959386,17,0.023124,0
20260511_004259,v11s_68.pt,2752855.mp4,470,941,0.962374,17,0.028460,0
20260511_004259,v11s_68.pt,2752855.mp4,471,943,0.968463,17,0.025755,0
20260511_004259,v11s_68.pt,2752855.mp4,472,945,0.953312,17,0.037077,0
20260511_004259,v11s_68.pt,2752855.mp4,473,947,0.956514,17,0.029085,0
20260511_004259,v11s_68.pt,2752855.mp4,474,949,0.952192,17,0.027193,0
20260511_004259,v11s_68.pt,2752855.mp4,475,951,0.964528,17,0.019312,0
20260511_004259,v11s_68.pt,2752855.mp4,476,953,0.965792,17,0.020500,0
20260511_004259,v11s_68.pt,2752855.mp4,477,955,0.964499,17,0.028286,0
20260511_004259,v11s_68.pt,2752855.mp4,478,957,0.958525,17,0.034461,0
20260511_004259,v11s_68.pt,2752855.mp4,479,959,0.957548,17,0.028600,0
20260511_004259,v11s_68.pt,2752855.mp4,480,961,0.967630,17,0.036123,0
20260511_004259,v11s_68.pt,2752855.mp4,481,963,0.952579,17,0.023367,0
20260511_004259,v11s_68.pt,2752855.mp4,482,965,0.956083,17,0.035003,0
20260511_004259,v11s_68.pt,2752855.mp4,483,967,0.961167,17,0.028740,0
20260511_004259,v11s_68.pt,2752855.mp4,484,969,0.966596,17,0.030352,0
20260511_004259,v11s_68.pt,2752855.mp4,485,971,0.971105,17,0.017233,0
20260511_004259,v11s_68.pt,2752855.mp4,486,973,0.972283,17,0.034034,0
20260511_004259,v11s_68.pt,2752855.mp4,487,975,0.973518,17,0.036759,0
20260511_004259,v11s_68.pt,2752855.mp4,488,977,0.958956,17,0.028862,0
20260511_004259,v11s_68.pt,2752855.mp4,489,979,0.954274,17,0.025041,0
20260511_004259,v11s_68.pt,2752855.mp4,490,981,0.951201,17,0.033578,0
