frame,kp0_conf,kp1_conf,kp2_conf,kp3_conf,kp4_conf,kp5_conf,kp6_conf,kp7_conf,kp8_conf,kp9_conf,kp10_conf,kp11_conf,kp12_conf,kp13_conf,kp14_conf,kp15_conf,kp16_conf,bbox_conf
1,1.0000,0.9917,0.9985,0.9995,1.0000,1.0000,0.9995,0.9937,1.0000,0.9995,0.9902,0.9946,1.0000,0.9995,0.0000,0.0000,0.0000,0.9722
2,1.0000,0.9922,0.9985,0.9995,1.0000,1.0000,0.9995,0.9937,1.0000,0.9995,0.9922,0.9956,1.0000,1.0000,0.0000,0.0000,0.0000,0.9722
3,1.0000,0.9917,0.9985,0.9995,1.0000,1.0000,0.9995,0.9937,1.0000,0.9995,0.9922,0.9961,1.0000,1.0000,0.0000,0.0000,0.0000,0.9722
4,1.0000,0.9922,0.9985,0.9995,1.0000,1.0000,0.9995,0.9932,1.0000,0.9995,0.9902,0.9946,1.0000,0.9995,0.0000,0.0000,0.0000,0.9722
5,1.0000,0.9917,0.9985,0.9995,1.0000,1.0000,0.9995,0.9932,1.0000,0.9995,0.9912,0.9956,1.0000,0.9995,0.0000,0.0000,0.0000,0.9722
6,1.0000,0.9917,0.9980,0.9995,1.0000,1.0000,0.9995,0.9937,1.0000,0.9995,0.9937,0.9971,1.0000,1.0000,0.0000,0.0000,0.0000,0.9722
7,1.0000,0.9917,0.9985,0.9995,1.0000,1.0000,0.9995,0.9932,1.0000,0.9995,0.9912,0.9956,1.0000,0.9995,0.0000,0.0000,0.0000,0.9722
8,1.0000,0.9912,0.9980,0.9995,1.0000,1.0000,0.9995,0.9927,1.0000,0.9995,0.9907,0.9951,1.0000,0.9995,0.0000,0.0000,0.0000,0.9722
9,1.0000,0.9912,0.9980,0.9995,1.0000,1.0000,0.9995,0.9927,1.0000,0.9990,0.9907,0.9956,1.0000,0.9995,0.0000,0.0000,0.0000,0.9722
10,1.0000,0.9907,0.9980,0.9995,1.0000,1.0000,0.9995,0.9927,1.0000,0.9990,0.9912,0.9956,1.0000,0.9995,0.0000,0.0000,0.0000,0.9722
11,1.0000,0.9907,0.9980,0.9995,1.0000,1.0000,0.9995,0.9922,1.0000,0.9990,0.9897,0.9946,1.0000,0.9995,0.0000,0.0000,0.0000,0.9722
12,1.0000,0.9912,0.9980,0.9995,1.0000,1.0000,0.9995,0.9922,1.0000,0.9990,0.9878,0.9941,1.0000,0.9995,0.0000,0.0000,0.0000,0.9722
13,1.0000,0.9907,0.9980,0.9995,1.0000,1.0000,0.9995,0.9917,1.0000,0.9990,0.9888,0.9941,1.0000,0.9995,0.0000,0.0000,0.0000,0.9722
14,1.0000,0.9907,0.9980,0.9995,1.0000,1.0000,0.9995,0.9917,1.0000,0.9990,0.9897,0.9946,1.0000,0.9995,0.0000,0.0000,0.0000,0.9722
15,1.0000,0.9907,0.9980,0.9995,1.0000,1.0000,0.9995,0.9917,1.0000,0.9990,0.9893,0.9951,1.0000,0.9995,0.0000,0.0000,0.0000,0.9722
16,1.0000,0.9907,0.9980,0.9995,1.0000,1.0000,0.9995,0.9922,1.0000,0.9990,0.9897,0.9951,1.0000,0.9995,0.0000,0.0000,0.0000,0.9722
17,1.0000,0.9907,0.9980,0.9995,1.0000,1.0000,0.9995,0.9922,1.0000,0.9990,0.9902,0.9951,1.0000,0.9995,0.0000,0.0000,0.0000,0.9722
18,1.0000,0.9907,0.9980,0.9995,1.0000,1.0000,0.9995,0.9922,1.0000,0.9990,0.9912,0.9956,1.0000,1.0000,0.0000,0.0000,0.0000,0.9722
19,1.0000,0.9907,0.9980,0.9995,1.0000,1.0000,0.9995,0.9927,1.0000,0.9990,0.9912,0.9956,1.0000,1.0000,0.0000,0.0000,0.0000,0.9722
20,1.0000,0.9907,0.9980,0.9995,1.0000,1.0000,0.9995,0.9922,1.0000,0.9990,0.9917,0.9961,1.0000,1.0000,0.0000,0.0000,0.0000,0.9722
21,1.0000,0.9907,0.9980,0.9995,1.0000,1.0000,0.9995,0.9917,1.0000,0.9990,0.9893,0.9951,1.0000,0.9995,0.0000,0.0000,0.0000,0.9722
22,1.0000,0.9902,0.9980,0.9995,1.0000,1.0000,0.9995,0.9917,1.0000,0.9990,0.9893,0.9951,1.0000,0.9995,0.0000,0.0000,0.0000,0.9722
23,1.0000,0.9902,0.9980,0.9995,1.0000,1.0000,0.9995,0.9922,1.0000,0.9990,0.9907,0.9956,1.0000,1.0000,0.0000,0.0000,0.0000,0.9717
24,1.0000,0.9907,0.9980,0.9995,1.0000,1.0000,0.9995,0.9917,1.0000,0.9990,0.9897,0.9951,1.0000,0.9995,0.0000,0.0000,0.0000,0.9712
25,1.0000,0.9907,0.9980,0.9995,1.0000,1.0000,0.9995,0.9917,1.0000,0.9990,0.9883,0.9941,1.0000,0.9995,0.0000,0.0000,0.0000,0.9712
26,1.0000,0.9907,0.9980,0.9995,1.0000,1.0000,0.9995,0.9917,1.0000,0.9990,0.9878,0.9941,1.0000,0.9995,0.0000,0.0000,0.0000,0.9712
27,1.0000,0.9907,0.9980,0.9995,1.0000,1.0000,0.9995,0.9917,1.0000,0.9990,0.9888,0.9946,1.0000,0.9995,0.0000,0.0000,0.0000,0.9707
28,1.0000,0.9907,0.9980,0.9995,1.0000,1.0000,0.9995,0.9917,1.0000,0.9990,0.9883,0.9941,1.0000,0.9995,0.0000,0.0000,0.0000,0.9707
29,1.0000,0.9907,0.9980,0.9995,1.0000,1.0000,0.9995,0.9912,1.0000,0.9990,0.9868,0.9937,1.0000,0.9995,0.0000,0.0000,0.0000,0.9707
30,1.0000,0.9907,0.9980,0.9995,1.0000,1.0000,0.9995,0.9912,1.0000,0.9990,0.9878,0.9941,1.0000,0.9995,0.0000,0.0000,0.0000,0.9707
31,1.0000,0.9907,0.9980,0.9995,1.0000,1.0000,0.9995,0.9917,1.0000,0.9990,0.9897,0.9951,1.0000,0.9995,0.0000,0.0000,0.0000,0.9707
32,1.0000,0.9902,0.9980,0.9995,1.0000,1.0000,0.9995,0.9917,1.0000,0.9990,0.9888,0.9946,1.0000,0.9995,0.0000,0.0000,0.0000,0.9707
33,1.0000,0.9917,0.9985,0.9995,1.0000,1.0000,0.9990,0.9878,1.0000,0.9985,0.9814,0.9883,1.0000,0.9995,0.0000,0.0000,0.0000,0.9707
34,1.0000,0.9902,0.9980,0.9995,1.0000,1.0000,0.9995,0.9912,1.0000,0.9990,0.9883,0.9941,1.0000,0.9995,0.0000,0.0000,0.0000,0.9707
35,1.0000,0.9917,0.9985,0.9995,1.0000,1.0000,0.9990,0.9883,1.0000,0.9985,0.9824,0.9888,1.0000,0.9995,0.0000,0.0000,0.0000,0.9702
36,1.0000,0.9917,0.9985,0.9995,1.0000,1.0000,0.9990,0.9883,1.0000,0.9985,0.9819,0.9883,1.0000,0.9995,0.0000,0.0000,0.0000,0.9702
37,1.0000,0.9917,0.9985,0.9995,1.0000,1.0000,0.9990,0.9883,1.0000,0.9985,0.9834,0.9893,1.0000,0.9995,0.0000,0.0000,0.0000,0.9702
38,1.0000,0.9917,0.9985,0.9995,1.0000,1.0000,0.9990,0.9883,1.0000,0.9985,0.9849,0.9902,1.0000,1.0000,0.0000,0.0000,0.0000,0.9702
39,1.0000,0.9917,0.9985,0.9995,1.0000,1.0000,0.9990,0.9878,1.0000,0.9985,0.9834,0.9893,1.0000,0.9995,0.0000,0.0000,0.0000,0.9702
40,1.0000,0.9917,0.9985,0.9995,1.0000,1.0000,0.9990,0.9878,1.0000,0.9985,0.9839,0.9893,1.0000,0.9995,0.0000,0.0000,0.0000,0.9702
41,1.0000,0.9917,0.9985,0.9995,1.0000,1.0000,0.9995,0.9883,1.0000,0.9985,0.9849,0.9902,1.0000,1.0000,0.0000,0.0000,0.0000,0.9702
42,1.0000,0.9917,0.9985,0.9995,1.0000,1.0000,0.9995,0.9888,1.0000,0.9990,0.9858,0.9912,1.0000,1.0000,0.0000,0.0000,0.0000,0.9702
43,1.0000,0.9917,0.9985,0.9995,1.0000,1.0000,0.9995,0.9888,1.0000,0.9990,0.9858,0.9912,1.0000,1.0000,0.0000,0.0000,0.0000,0.9702
44,1.0000,0.9917,0.9985,0.9995,1.0000,1.0000,0.9995,0.9883,1.0000,0.9985,0.9858,0.9907,1.0000,1.0000,0.0000,0.0000,0.0000,0.9702
45,1.0000,0.9917,0.9985,0.9995,1.0000,1.0000,0.9990,0.9883,1.0000,0.9985,0.9863,0.9912,1.0000,1.0000,0.0000,0.0000,0.0000,0.9707
46,1.0000,0.9917,0.9985,0.9995,1.0000,1.0000,0.9990,0.9883,1.0000,0.9985,0.9858,0.9912,1.0000,1.0000,0.0000,0.0000,0.0000,0.9707
47,1.0000,0.9912,0.9985,0.9995,1.0000,1.0000,0.9990,0.9878,1.0000,0.9985,0.9849,0.9902,1.0000,1.0000,0.0000,0.0000,0.0000,0.9707
48,1.0000,0.9912,0.9985,0.9995,1.0000,1.0000,0.9990,0.9873,1.0000,0.9985,0.9834,0.9893,1.0000,1.0000,0.0000,0.0000,0.0000,0.9707
49,1.0000,0.9912,0.9985,0.9995,1.0000,1.0000,0.9990,0.9873,1.0000,0.9985,0.9829,0.9888,1.0000,0.9995,0.0000,0.0000,0.0000,0.9707
50,1.0000,0.9912,0.9985,0.9995,1.0000,1.0000,0.9990,0.9863,1.0000,0.9985,0.9790,0.9858,1.0000,0.9995,0.0000,0.0000,0.0000,0.9707
51,1.0000,0.9893,0.9980,0.9995,1.0000,1.0000,0.9995,0.9897,1.0000,0.9990,0.9858,0.9932,1.0000,0.9995,0.0000,0.0000,0.0000,0.9712
52,1.0000,0.9893,0.9980,0.9995,1.0000,1.0000,0.9995,0.9897,1.0000,0.9990,0.9863,0.9932,1.0000,0.9995,0.0000,0.0000,0.0000,0.9712
53,1.0000,0.9893,0.9980,0.9995,1.0000,1.0000,0.9995,0.9897,1.0000,0.9990,0.9863,0.9932,1.0000,0.9995,0.0000,0.0000,0.0000,0.9717
54,1.0000,0.9893,0.9980,0.9995,1.0000,1.0000,0.9995,0.9897,1.0000,0.9990,0.9849,0.9927,1.0000,0.9995,0.0000,0.0000,0.0000,0.9717
55,1.0000,0.9893,0.9980,0.9995,1.0000,1.0000,0.9990,0.9897,1.0000,0.9990,0.9863,0.9932,1.0000,0.9995,0.0000,0.0000,0.0000,0.9722
56,1.0000,0.9897,0.9980,0.9995,1.0000,1.0000,0.9995,0.9902,1.0000,0.9990,0.9883,0.9941,1.0000,0.9995,0.0000,0.0000,0.0000,0.9717
57,1.0000,0.9893,0.9980,0.9995,1.0000,1.0000,0.9990,0.9888,1.0000,0.9990,0.9824,0.9912,1.0000,0.9995,0.0000,0.0000,0.0000,0.9722
58,1.0000,0.9888,0.9980,0.9995,1.0000,1.0000,0.9990,0.9893,1.0000,0.9990,0.9824,0.9912,1.0000,0.9995,0.0000,0.0000,0.0000,0.9727
59,1.0000,0.9893,0.9980,0.9995,1.0000,1.0000,0.9990,0.9893,1.0000,0.9990,0.9829,0.9912,1.0000,0.9995,0.0000,0.0000,0.0000,0.9727
60,1.0000,0.9893,0.9980,0.9995,1.0000,1.0000,0.9995,0.9902,1.0000,0.9990,0.9863,0.9932,1.0000,0.9995,0.0000,0.0000,0.0000,0.9731
61,1.0000,0.9893,0.9980,0.9995,1.0000,1.0000,0.9995,0.9912,1.0000,0.9990,0.9902,0.9951,1.0000,0.9995,0.0000,0.0000,0.0000,0.9731
62,1.0000,0.9893,0.9980,0.9995,1.0000,1.0000,0.9995,0.9912,1.0000,0.9990,0.9897,0.9951,1.0000,0.9995,0.0000,0.0000,0.0000,0.9731
63,1.0000,0.9893,0.9980,0.9995,1.0000,1.0000,0.9995,0.9912,1.0000,0.9990,0.9893,0.9946,1.0000,1.0000,0.0000,0.0000,0.0000,0.9736
64,1.0000,0.9893,0.9980,0.9995,1.0000,1.0000,0.9995,0.9907,1.0000,0.9990,0.9893,0.9946,1.0000,0.9995,0.0000,0.0000,0.0000,0.9736
65,1.0000,0.9893,0.9980,0.9995,1.0000,1.0000,0.9995,0.9907,1.0000,0.9990,0.9883,0.9941,1.0000,0.9995,0.0000,0.0000,0.0000,0.9741
66,1.0000,0.9893,0.9980,0.9995,1.0000,1.0000,0.9995,0.9907,1.0000,0.9990,0.9897,0.9951,1.0000,1.0000,0.0000,0.0000,0.0000,0.9746
67,1.0000,0.9893,0.9980,0.9995,1.0000,1.0000,0.9995,0.9907,1.0000,0.9990,0.9893,0.9951,1.0000,1.0000,0.0000,0.0000,0.0000,0.9746
68,1.0000,0.9897,0.9980,0.9995,1.0000,1.0000,0.9995,0.9907,1.0000,0.9990,0.9893,0.9946,1.0000,1.0000,0.0000,0.0000,0.0000,0.9751
69,1.0000,0.9897,0.9980,0.9995,1.0000,1.0000,0.9995,0.9907,1.0000,0.9990,0.9897,0.9946,1.0000,1.0000,0.0000,0.0000,0.0000,0.9751
70,1.0000,0.9893,0.9980,0.9995,1.0000,1.0000,0.9995,0.9912,1.0000,0.9990,0.9907,0.9956,1.0000,1.0000,0.0000,0.0000,0.0000,0.9751
71,0.9995,0.9893,0.9980,0.9995,1.0000,1.0000,0.9995,0.9907,1.0000,0.9990,0.9907,0.9956,1.0000,1.0000,0.0000,0.0000,0.0000,0.9751
72,0.9995,0.9897,0.9980,0.9995,1.0000,1.0000,0.9995,0.9902,1.0000,0.9990,0.9888,0.9946,1.0000,1.0000,0.0000,0.0000,0.0000,0.9746
73,0.9995,0.9893,0.9980,0.9995,1.0000,1.0000,0.9990,0.9897,1.0000,0.9990,0.9873,0.9937,1.0000,0.9995,0.0000,0.0000,0.0000,0.9751
74,0.9995,0.9893,0.9980,0.9995,1.0000,1.0000,0.9995,0.9902,1.0000,0.9990,0.9893,0.9946,1.0000,1.0000,0.0000,0.0000,0.0000,0.9751
75,0.9995,0.9893,0.9980,0.9995,1.0000,1.0000,0.9995,0.9902,1.0000,0.9990,0.9883,0.9941,1.0000,1.0000,0.0000,0.0000,0.0000,0.9751
76,0.9995,0.9893,0.9980,0.9995,1.0000,1.0000,0.9990,0.9902,1.0000,0.9990,0.9878,0.9941,1.0000,0.9995,0.0000,0.0000,0.0000,0.9751
77,0.9995,0.9897,0.9980,0.9995,1.0000,1.0000,0.9995,0.9902,1.0000,0.9990,0.9897,0.9951,1.0000,1.0000,0.0000,0.0000,0.0000,0.9751
78,0.9995,0.9897,0.9980,0.9995,1.0000,1.0000,0.9995,0.9912,1.0000,0.9990,0.9922,0.9961,1.0000,1.0000,0.0000,0.0000,0.0000,0.9751
79,0.9995,0.9897,0.9980,0.9995,1.0000,1.0000,0.9995,0.9907,1.0000,0.9990,0.9902,0.9951,1.0000,1.0000,0.0000,0.0000,0.0000,0.9756
80,0.9995,0.9897,0.9980,0.9995,1.0000,1.0000,0.9995,0.9902,1.0000,0.9990,0.9883,0.9941,1.0000,1.0000,0.0000,0.0000,0.0000,0.9756
81,0.9995,0.9893,0.9980,0.9995,1.0000,1.0000,0.9995,0.9907,1.0000,0.9990,0.9902,0.9951,1.0000,1.0000,0.0000,0.0000,0.0000,0.9756
82,0.9995,0.9897,0.9980,0.9995,1.0000,1.0000,0.9995,0.9912,1.0000,0.9990,0.9912,0.9961,1.0000,1.0000,0.0000,0.0000,0.0000,0.9756
83,0.9995,0.9897,0.9980,0.9995,1.0000,1.0000,0.9995,0.9912,1.0000,0.9990,0.9912,0.9956,1.0000,1.0000,0.0000,0.0000,0.0000,0.9756
84,1.0000,0.9897,0.9980,0.9995,1.0000,1.0000,0.9995,0.9907,1.0000,0.9990,0.9902,0.9951,1.0000,1.0000,0.0000,0.0000,0.0000,0.9761
85,1.0000,0.9897,0.9980,0.9995,1.0000,1.0000,0.9995,0.9907,1.0000,0.9990,0.9897,0.9946,1.0000,1.0000,0.0000,0.0000,0.0000,0.9761
86,1.0000,0.9897,0.9980,0.9995,1.0000,1.0000,0.9995,0.9912,1.0000,0.9990,0.9917,0.9961,1.0000,1.0000,0.0000,0.0000,0.0000,0.9761
87,1.0000,0.9922,0.9990,0.9995,1.0000,1.0000,0.9990,0.9854,1.0000,0.9985,0.9888,0.9922,1.0000,1.0000,0.0000,0.0000,0.0000,0.9756
88,1.0000,0.9922,0.9990,0.9995,1.0000,1.0000,0.9990,0.9858,1.0000,0.9985,0.9888,0.9927,1.0000,1.0000,0.0000,0.0000,0.0000,0.9756
89,1.0000,0.9922,0.9990,0.9995,1.0000,1.0000,0.9990,0.9858,1.0000,0.9985,0.9878,0.9917,1.0000,1.0000,0.0000,0.0000,0.0000,0.9756
90,1.0000,0.9897,0.9980,0.9995,1.0000,1.0000,0.9995,0.9917,1.0000,0.9990,0.9927,0.9961,1.0000,1.0000,0.0000,0.0000,0.0000,0.9761
91,1.0000,0.9897,0.9980,0.9995,1.0000,1.0000,0.9995,0.9917,1.0000,0.9990,0.9922,0.9961,1.0000,1.0000,0.0000,0.0000,0.0000,0.9761
92,1.0000,0.9897,0.9980,0.9995,1.0000,1.0000,0.9995,0.9917,1.0000,0.9990,0.9922,0.9961,1.0000,1.0000,0.0000,0.0000,0.0000,0.9761
93,1.0000,0.9897,0.9980,0.9995,1.0000,1.0000,0.9995,0.9912,1.0000,0.9990,0.9922,0.9961,1.0000,1.0000,0.0000,0.0000,0.0000,0.9761
94,1.0000,0.9897,0.9980,0.9995,1.0000,1.0000,0.9995,0.9912,1.0000,0.9990,0.9917,0.9956,1.0000,1.0000,0.0000,0.0000,0.0000,0.9756
95,1.0000,0.9897,0.9980,0.9995,1.0000,1.0000,0.9995,0.9912,1.0000,0.9990,0.9907,0.9951,1.0000,1.0000,0.0000,0.0000,0.0000,0.9756
96,1.0000,0.9897,0.9980,0.9995,1.0000,1.0000,0.9995,0.9912,1.0000,0.9990,0.9902,0.9951,1.0000,1.0000,0.0000,0.0000,0.0000,0.9756
97,0.9995,0.9897,0.9980,0.9995,1.0000,1.0000,0.9995,0.9907,1.0000,0.9990,0.9888,0.9941,1.0000,0.9995,0.0000,0.0000,0.0000,0.9756
98,1.0000,0.9897,0.9980,0.9995,1.0000,1.0000,0.9995,0.9907,1.0000,0.9990,0.9897,0.9946,1.0000,1.0000,0.0000,0.0000,0.0000,0.9756
99,1.0000,0.9893,0.9980,0.9995,1.0000,1.0000,0.9990,0.9902,1.0000,0.9990,0.9897,0.9946,1.0000,1.0000,0.0000,0.0000,0.0000,0.9756
100,1.0000,0.9888,0.9980,0.9995,1.0000,1.0000,0.9995,0.9912,1.0000,0.9990,0.9912,0.9956,1.0000,1.0000,0.0000,0.0000,0.0000,0.9756
101,1.0000,0.9888,0.9980,0.9995,1.0000,1.0000,0.9995,0.9917,1.0000,0.9990,0.9922,0.9961,1.0000,1.0000,0.0000,0.0000,0.0000,0.9756
102,1.0000,0.9888,0.9980,0.9995,1.0000,1.0000,0.9995,0.9917,1.0000,0.9990,0.9922,0.9961,1.0000,1.0000,0.0000,0.0000,0.0000,0.9756
103,1.0000,0.9888,0.9980,0.9995,1.0000,1.0000,0.9995,0.9912,1.0000,0.9990,0.9912,0.9956,1.0000,1.0000,0.0000,0.0000,0.0000,0.9756
104,1.0000,0.9888,0.9980,0.9995,1.0000,1.0000,0.9995,0.9912,1.0000,0.9990,0.9922,0.9961,1.0000,1.0000,0.0000,0.0000,0.0000,0.9751
105,1.0000,0.9888,0.9980,0.9995,1.0000,1.0000,0.9995,0.9912,1.0000,0.9990,0.9917,0.9956,1.0000,1.0000,0.0000,0.0000,0.0000,0.9751
106,1.0000,0.9888,0.9980,0.9995,1.0000,1.0000,0.9995,0.9912,1.0000,0.9990,0.9912,0.9956,1.0000,1.0000,0.0000,0.0000,0.0000,0.9751
107,1.0000,0.9888,0.9980,0.9995,1.0000,1.0000,0.9995,0.9907,1.0000,0.9990,0.9907,0.9951,1.0000,1.0000,0.0000,0.0000,0.0000,0.9756
108,1.0000,0.9888,0.9980,0.9995,1.0000,1.0000,0.9995,0.9912,1.0000,0.9990,0.9912,0.9956,1.0000,1.0000,0.0000,0.0000,0.0000,0.9756
109,1.0000,0.9888,0.9980,0.9995,1.0000,1.0000,0.9990,0.9907,1.0000,0.9990,0.9897,0.9951,1.0000,1.0000,0.0000,0.0000,0.0000,0.9751
110,0.9995,0.9888,0.9980,0.9995,1.0000,1.0000,0.9990,0.9897,1.0000,0.9990,0.9883,0.9941,1.0000,0.9995,0.0000,0.0000,0.0000,0.9751
111,1.0000,0.9888,0.9980,0.9995,1.0000,1.0000,0.9990,0.9902,1.0000,0.9990,0.9897,0.9951,1.0000,1.0000,0.0000,0.0000,0.0000,0.9751
112,1.0000,0.9883,0.9980,0.9995,1.0000,1.0000,0.9990,0.9902,1.0000,0.9990,0.9897,0.9951,1.0000,1.0000,0.0000,0.0000,0.0000,0.9751
113,1.0000,0.9902,0.9985,0.9995,1.0000,1.0000,0.9990,0.9883,1.0000,0.9990,0.9878,0.9922,1.0000,1.0000,0.0000,0.0000,0.0000,0.9746
114,1.0000,0.9902,0.9985,0.9995,1.0000,1.0000,0.9990,0.9888,1.0000,0.9990,0.9893,0.9932,1.0000,1.0000,0.0000,0.0000,0.0000,0.9746
115,1.0000,0.9907,0.9985,0.9995,1.0000,1.0000,0.9990,0.9888,1.0000,0.9990,0.9897,0.9932,1.0000,1.0000,0.0000,0.0000,0.0000,0.9746
116,1.0000,0.9907,0.9985,0.9995,1.0000,1.0000,0.9990,0.9897,1.0000,0.9990,0.9922,0.9946,1.0000,1.0000,0.0000,0.0000,0.0000,0.9746
117,1.0000,0.9902,0.9985,0.9995,1.0000,1.0000,0.9990,0.9897,1.0000,0.9990,0.9922,0.9946,1.0000,1.0000,0.0000,0.0000,0.0000,0.9746
118,1.0000,0.9883,0.9980,0.9990,1.0000,1.0000,0.9995,0.9912,1.0000,0.9990,0.9917,0.9961,1.0000,1.0000,0.0000,0.0000,0.0000,0.9746
119,1.0000,0.9888,0.9980,0.9990,1.0000,1.0000,0.9995,0.9912,1.0000,0.9990,0.9922,0.9961,1.0000,1.0000,0.0000,0.0000,0.0000,0.9746
120,1.0000,0.9883,0.9980,0.9990,1.0000,1.0000,0.9995,0.9917,1.0000,0.9990,0.9941,0.9971,1.0000,1.0000,0.0000,0.0000,0.0000,0.9746
121,1.0000,0.9883,0.9980,0.9990,1.0000,1.0000,0.9990,0.9907,1.0000,0.9990,0.9912,0.9956,1.0000,1.0000,0.0000,0.0000,0.0000,0.9746
122,1.0000,0.9883,0.9980,0.9990,1.0000,1.0000,0.9990,0.9902,1.0000,0.9990,0.9912,0.9956,1.0000,1.0000,0.0000,0.0000,0.0000,0.9746
123,1.0000,0.9883,0.9980,0.9990,1.0000,1.0000,0.9990,0.9907,1.0000,0.9990,0.9917,0.9956,1.0000,1.0000,0.0000,0.0000,0.0000,0.9746
124,1.0000,0.9878,0.9980,0.9995,1.0000,1.0000,0.9990,0.9897,1.0000,0.9990,0.9897,0.9951,1.0000,1.0000,0.0000,0.0000,0.0000,0.9746
125,1.0000,0.9878,0.9980,0.9995,1.0000,1.0000,0.9990,0.9888,1.0000,0.9990,0.9883,0.9937,1.0000,0.9995,0.0000,0.0000,0.0000,0.9746
126,1.0000,0.9883,0.9980,0.9995,1.0000,1.0000,0.9990,0.9893,1.0000,0.9990,0.9883,0.9937,1.0000,0.9995,0.0000,0.0000,0.0000,0.9746
127,1.0000,0.9883,0.9980,0.9995,1.0000,1.0000,0.9990,0.9883,1.0000,0.9990,0.9868,0.9932,1.0000,0.9995,0.0000,0.0000,0.0000,0.9751
128,1.0000,0.9883,0.9980,0.9995,1.0000,1.0000,0.9990,0.9873,1.0000,0.9985,0.9839,0.9912,1.0000,0.9995,0.0000,0.0000,0.0000,0.9751
129,1.0000,0.9878,0.9980,0.9995,1.0000,1.0000,0.9985,0.9873,1.0000,0.9985,0.9844,0.9917,1.0000,0.9995,0.0000,0.0000,0.0000,0.9751
130,1.0000,0.9878,0.9980,0.9995,1.0000,1.0000,0.9990,0.9878,1.0000,0.9990,0.9863,0.9927,1.0000,0.9995,0.0000,0.0000,0.0000,0.9746
131,1.0000,0.9883,0.9980,0.9995,1.0000,1.0000,0.9990,0.9883,1.0000,0.9990,0.9873,0.9932,1.0000,0.9995,0.0000,0.0000,0.0000,0.9746
132,1.0000,0.9883,0.9980,0.9995,1.0000,1.0000,0.9985,0.9878,1.0000,0.9985,0.9858,0.9927,1.0000,0.9995,0.0000,0.0000,0.0000,0.9746
133,1.0000,0.9878,0.9980,0.9995,1.0000,1.0000,0.9985,0.9873,1.0000,0.9985,0.9849,0.9922,1.0000,0.9995,0.0000,0.0000,0.0000,0.9746
134,1.0000,0.9883,0.9980,0.9995,1.0000,1.0000,0.9985,0.9878,1.0000,0.9985,0.9858,0.9927,1.0000,0.9995,0.0000,0.0000,0.0000,0.9746
135,1.0000,0.9883,0.9980,0.9995,1.0000,1.0000,0.9990,0.9883,1.0000,0.9990,0.9883,0.9937,1.0000,0.9995,0.0000,0.0000,0.0000,0.9746
136,1.0000,0.9883,0.9980,0.9995,1.0000,1.0000,0.9990,0.9883,1.0000,0.9990,0.9888,0.9941,1.0000,1.0000,0.0000,0.0000,0.0000,0.9746
137,1.0000,0.9883,0.9980,0.9995,1.0000,1.0000,0.9990,0.9883,1.0000,0.9990,0.9868,0.9927,1.0000,0.9995,0.0000,0.0000,0.0000,0.9746
138,1.0000,0.9883,0.9980,0.9995,1.0000,1.0000,0.9990,0.9883,1.0000,0.9990,0.9883,0.9937,1.0000,0.9995,0.0000,0.0000,0.0000,0.9746
139,1.0000,0.9883,0.9980,0.9995,1.0000,1.0000,0.9990,0.9893,1.0000,0.9990,0.9902,0.9951,1.0000,1.0000,0.0000,0.0000,0.0000,0.9746
140,1.0000,0.9883,0.9980,0.9995,1.0000,1.0000,0.9990,0.9893,1.0000,0.9990,0.9907,0.9951,1.0000,1.0000,0.0000,0.0000,0.0000,0.9751
141,1.0000,0.9883,0.9980,0.9995,1.0000,1.0000,0.9990,0.9883,1.0000,0.9990,0.9888,0.9941,1.0000,0.9995,0.0000,0.0000,0.0000,0.9746
142,1.0000,0.9883,0.9980,0.9995,1.0000,1.0000,0.9990,0.9883,1.0000,0.9990,0.9888,0.9941,1.0000,0.9995,0.0000,0.0000,0.0000,0.9746
143,1.0000,0.9883,0.9980,0.9995,1.0000,1.0000,0.9990,0.9888,1.0000,0.9990,0.9893,0.9941,1.0000,1.0000,0.0000,0.0000,0.0000,0.9746
144,1.0000,0.9888,0.9980,0.9995,1.0000,1.0000,0.9990,0.9893,1.0000,0.9990,0.9902,0.9946,1.0000,1.0000,0.0000,0.0000,0.0000,0.9746
145,1.0000,0.9888,0.9980,0.9995,1.0000,1.0000,0.9990,0.9893,1.0000,0.9990,0.9897,0.9946,1.0000,1.0000,0.0000,0.0000,0.0000,0.9746
146,1.0000,0.9883,0.9980,0.9995,1.0000,1.0000,0.9990,0.9897,1.0000,0.9990,0.9917,0.9956,1.0000,1.0000,0.0000,0.0000,0.0000,0.9746
147,1.0000,0.9883,0.9980,0.9995,1.0000,1.0000,0.9990,0.9897,1.0000,0.9990,0.9912,0.9951,1.0000,1.0000,0.0000,0.0000,0.0000,0.9746
148,1.0000,0.9883,0.9980,0.9995,1.0000,1.0000,0.9990,0.9897,1.0000,0.9990,0.9922,0.9961,1.0000,1.0000,0.0000,0.0000,0.0000,0.9741
149,1.0000,0.9883,0.9980,0.9995,1.0000,1.0000,0.9990,0.9907,1.0000,0.9990,0.9932,0.9966,1.0000,1.0000,0.0000,0.0000,0.0000,0.9741
150,1.0000,0.9888,0.9980,0.9995,1.0000,1.0000,0.9990,0.9907,1.0000,0.9990,0.9937,0.9966,1.0000,1.0000,0.0000,0.0000,0.0000,0.9741
151,1.0000,0.9883,0.9980,0.9995,1.0000,1.0000,0.9990,0.9907,1.0000,0.9990,0.9941,0.9971,1.0000,1.0000,0.0000,0.0000,0.0000,0.9741
152,1.0000,0.9883,0.9980,0.9995,1.0000,1.0000,0.9990,0.9907,1.0000,0.9990,0.9937,0.9971,1.0000,1.0000,0.0000,0.0000,0.0000,0.9741
153,1.0000,0.9883,0.9980,0.9995,1.0000,1.0000,0.9990,0.9907,1.0000,0.9990,0.9937,0.9966,1.0000,1.0000,0.0000,0.0000,0.0000,0.9741
154,1.0000,0.9888,0.9980,0.9995,1.0000,1.0000,0.9990,0.9902,1.0000,0.9990,0.9937,0.9966,1.0000,1.0000,0.0000,0.0000,0.0000,0.9741
155,1.0000,0.9888,0.9980,0.9995,1.0000,1.0000,0.9990,0.9907,1.0000,0.9990,0.9937,0.9971,1.0000,1.0000,0.0000,0.0000,0.0000,0.9741
156,1.0000,0.9888,0.9980,0.9995,1.0000,1.0000,0.9990,0.9907,1.0000,0.9990,0.9941,0.9971,1.0000,1.0000,0.0000,0.0000,0.0000,0.9741
157,1.0000,0.9888,0.9980,0.9995,1.0000,1.0000,0.9990,0.9912,1.0000,0.9990,0.9941,0.9971,1.0000,1.0000,0.0000,0.0000,0.0000,0.9741
158,1.0000,0.9888,0.9980,0.9995,1.0000,1.0000,0.9990,0.9912,1.0000,0.9990,0.9946,0.9971,1.0000,1.0000,0.0000,0.0000,0.0000,0.9741
159,1.0000,0.9888,0.9980,0.9995,1.0000,1.0000,0.9990,0.9912,1.0000,0.9990,0.9946,0.9971,1.0000,1.0000,0.0000,0.0000,0.0000,0.9741
160,1.0000,0.9893,0.9980,0.9995,1.0000,1.0000,0.9990,0.9912,1.0000,0.9990,0.9951,0.9976,1.0000,1.0000,0.0000,0.0000,0.0000,0.9741
161,1.0000,0.9893,0.9980,0.9995,1.0000,1.0000,0.9990,0.9912,1.0000,0.9990,0.9946,0.9976,1.0000,1.0000,0.0000,0.0000,0.0000,0.9741
162,1.0000,0.9893,0.9980,0.9995,1.0000,1.0000,0.9990,0.9907,1.0000,0.9990,0.9941,0.9971,1.0000,1.0000,0.0000,0.0000,0.0000,0.9741
163,1.0000,0.9893,0.9980,0.9995,1.0000,1.0000,0.9990,0.9907,1.0000,0.9990,0.9937,0.9971,1.0000,1.0000,0.0000,0.0000,0.0000,0.9736
164,1.0000,0.9893,0.9980,0.9995,1.0000,1.0000,0.9990,0.9902,1.0000,0.9990,0.9932,0.9966,1.0000,1.0000,0.0000,0.0000,0.0000,0.9736
165,1.0000,0.9893,0.9980,0.9995,1.0000,1.0000,0.9990,0.9907,1.0000,0.9990,0.9932,0.9966,1.0000,1.0000,0.0000,0.0000,0.0000,0.9736
166,1.0000,0.9893,0.9980,0.9995,1.0000,1.0000,0.9990,0.9907,1.0000,0.9990,0.9932,0.9966,1.0000,1.0000,0.0000,0.0000,0.0000,0.9736
167,1.0000,0.9893,0.9980,0.9995,1.0000,1.0000,0.9990,0.9907,1.0000,0.9990,0.9937,0.9971,1.0000,1.0000,0.0000,0.0000,0.0000,0.9736
168,1.0000,0.9893,0.9980,0.9995,1.0000,1.0000,0.9990,0.9917,1.0000,0.9990,0.9946,0.9976,1.0000,1.0000,0.0000,0.0000,0.0000,0.9736
169,1.0000,0.9893,0.9980,0.9995,1.0000,1.0000,0.9990,0.9917,1.0000,0.9990,0.9946,0.9976,1.0000,1.0000,0.0000,0.0000,0.0000,0.9736
170,1.0000,0.9893,0.9980,0.9995,1.0000,1.0000,0.9995,0.9917,1.0000,0.9990,0.9951,0.9976,1.0000,1.0000,0.0000,0.0000,0.0000,0.9736
171,1.0000,0.9893,0.9980,0.9995,1.0000,1.0000,0.9990,0.9912,1.0000,0.9990,0.9941,0.9971,1.0000,1.0000,0.0000,0.0000,0.0000,0.9736
172,1.0000,0.9888,0.9980,0.9995,1.0000,1.0000,0.9990,0.9912,1.0000,0.9990,0.9941,0.9971,1.0000,1.0000,0.0000,0.0000,0.0000,0.9736
173,1.0000,0.9888,0.9980,0.9995,1.0000,1.0000,0.9990,0.9912,1.0000,0.9990,0.9941,0.9971,1.0000,1.0000,0.0000,0.0000,0.0000,0.9736
174,1.0000,0.9888,0.9980,0.9995,1.0000,1.0000,0.9990,0.9907,1.0000,0.9990,0.9937,0.9971,1.0000,1.0000,0.0000,0.0000,0.0000,0.9736
175,1.0000,0.9888,0.9980,0.9995,1.0000,1.0000,0.9990,0.9907,1.0000,0.9990,0.9937,0.9966,1.0000,1.0000,0.0000,0.0000,0.0000,0.9736
176,1.0000,0.9893,0.9980,0.9995,1.0000,1.0000,0.9990,0.9907,1.0000,0.9990,0.9937,0.9971,1.0000,1.0000,0.0000,0.0000,0.0000,0.9736
177,1.0000,0.9893,0.9980,0.9995,1.0000,1.0000,0.9990,0.9902,1.0000,0.9990,0.9937,0.9966,1.0000,1.0000,0.0000,0.0000,0.0000,0.9736
178,1.0000,0.9893,0.9980,0.9995,1.0000,1.0000,0.9990,0.9907,1.0000,0.9990,0.9941,0.9971,1.0000,1.0000,0.0000,0.0000,0.0000,0.9736
179,1.0000,0.9893,0.9980,0.9995,1.0000,1.0000,0.9990,0.9902,1.0000,0.9990,0.9937,0.9966,1.0000,1.0000,0.0000,0.0000,0.0000,0.9736
180,1.0000,0.9893,0.9980,0.9995,1.0000,1.0000,0.9990,0.9912,1.0000,0.9990,0.9946,0.9971,1.0000,1.0000,0.0000,0.0000,0.0000,0.9736
181,1.0000,0.9893,0.9980,0.9995,1.0000,1.0000,0.9990,0.9912,1.0000,0.9990,0.9951,0.9976,1.0000,1.0000,0.0000,0.0000,0.0000,0.9736
182,1.0000,0.9893,0.9980,0.9995,1.0000,1.0000,0.9990,0.9907,1.0000,0.9990,0.9946,0.9971,1.0000,1.0000,0.0000,0.0000,0.0000,0.9736
183,1.0000,0.9893,0.9980,0.9995,1.0000,1.0000,0.9990,0.9907,1.0000,0.9990,0.9941,0.9971,1.0000,1.0000,0.0000,0.0000,0.0000,0.9736
184,1.0000,0.9893,0.9980,0.9995,1.0000,1.0000,0.9990,0.9902,1.0000,0.9990,0.9927,0.9961,1.0000,1.0000,0.0000,0.0000,0.0000,0.9736
185,1.0000,0.9893,0.9980,0.9995,1.0000,1.0000,0.9990,0.9897,1.0000,0.9990,0.9927,0.9961,1.0000,1.0000,0.0000,0.0000,0.0000,0.9736
186,1.0000,0.9888,0.9980,0.9995,1.0000,1.0000,0.9990,0.9893,1.0000,0.9990,0.9922,0.9961,1.0000,1.0000,0.0000,0.0000,0.0000,0.9736
187,1.0000,0.9888,0.9980,0.9995,1.0000,1.0000,0.9990,0.9897,1.0000,0.9990,0.9927,0.9961,1.0000,1.0000,0.0000,0.0000,0.0000,0.9736
188,1.0000,0.9888,0.9980,0.9995,1.0000,1.0000,0.9990,0.9897,1.0000,0.9990,0.9922,0.9961,1.0000,1.0000,0.0000,0.0000,0.0000,0.9736
189,1.0000,0.9893,0.9980,0.9995,1.0000,1.0000,0.9990,0.9893,1.0000,0.9990,0.9917,0.9956,1.0000,1.0000,0.0000,0.0000,0.0000,0.9736
190,1.0000,0.9893,0.9980,0.9995,1.0000,1.0000,0.9990,0.9897,1.0000,0.9990,0.9917,0.9956,1.0000,1.0000,0.0000,0.0000,0.0000,0.9736
191,1.0000,0.9893,0.9980,0.9995,1.0000,1.0000,0.9990,0.9897,1.0000,0.9990,0.9917,0.9956,1.0000,1.0000,0.0000,0.0000,0.0000,0.9736
192,1.0000,0.9893,0.9980,0.9995,1.0000,1.0000,0.9990,0.9897,1.0000,0.9990,0.9917,0.9956,1.0000,1.0000,0.0000,0.0000,0.0000,0.9736
193,1.0000,0.9897,0.9985,0.9995,1.0000,1.0000,0.9990,0.9897,1.0000,0.9990,0.9917,0.9956,1.0000,1.0000,0.0000,0.0000,0.0000,0.9736
194,1.0000,0.9897,0.9985,0.9995,1.0000,1.0000,0.9990,0.9897,1.0000,0.9990,0.9917,0.9951,1.0000,1.0000,0.0000,0.0000,0.0000,0.9736
195,1.0000,0.9897,0.9980,0.9995,1.0000,1.0000,0.9990,0.9897,1.0000,0.9990,0.9917,0.9956,1.0000,1.0000,0.0000,0.0000,0.0000,0.9736
196,1.0000,0.9897,0.9980,0.9995,1.0000,1.0000,0.9990,0.9902,1.0000,0.9990,0.9927,0.9961,1.0000,1.0000,0.0000,0.0000,0.0000,0.9731
197,1.0000,0.9897,0.9985,0.9995,1.0000,1.0000,0.9990,0.9897,1.0000,0.9990,0.9922,0.9956,1.0000,1.0000,0.0000,0.0000,0.0000,0.9731
198,1.0000,0.9897,0.9985,0.9995,1.0000,1.0000,0.9990,0.9897,1.0000,0.9990,0.9927,0.9961,1.0000,1.0000,0.0000,0.0000,0.0000,0.9731
199,1.0000,0.9897,0.9985,0.9995,1.0000,1.0000,0.9990,0.9897,1.0000,0.9990,0.9927,0.9956,1.0000,1.0000,0.0000,0.0000,0.0000,0.9731
